phase, space, metric, loss, n_changed_assignment, cluster_sizes, greedy_eigen_direction, greedy_eigen_index, greedy_eigenvalue, greedy_target_mode, time:2026-07-15 10:25:36
phase:baseline_raw_input, space:x, silhouette = 0.31003278493881226, loss:0.0, n_changed_assignment:1799," cluster_sizes:[180, 359, 589, 188, 483]", time:38.447
phase:paper_step4_to_7_common_pre_refine, space:H_fused_latent, silhouette = 0.28845304250717163, loss:0.0, n_changed_assignment:1799," cluster_sizes:[705, 180, 468, 300, 146]", greedy_eigen_direction:largest, greedy_eigen_index:4, greedy_eigenvalue:217.4357452392578, greedy_target_mode:frozen_snapshot, kmeans_n_init:100, kmeans_refresh_policy:one_epoch, batches_per_epoch:8, time:39.000
phase:paper_step8_greedy_target_Yprime_pre_refine, space:Y_greedy_target, silhouette = 0.4187716245651245, loss:0.0, n_changed_assignment:1799," cluster_sizes:[705, 180, 468, 300, 146]", greedy_eigen_direction:largest, greedy_eigen_index:4, greedy_eigenvalue:217.4357452392578, greedy_target_mode:frozen_snapshot, kmeans_n_init:100, kmeans_refresh_policy:one_epoch, batches_per_epoch:8, time:39.053
phase:paper_step9_after_full_epoch_1, space:H_fused_latent_same_labels, silhouette = 0.3389863073825836," loss:total:0.61364, L1_reconstruction:0.27122, L2_kmeans:0.24336, L3_trace_logged:0.24336, L4_greedy:0.09907, L4_selected_direction:0.06519, L4_nonselected_snapshot_anchor:0.03388, L4_selected_fraction:0.65802, L4_anchor_fraction:0.34198", n_changed_assignment:1799," cluster_sizes:[705, 180, 468, 300, 146]", greedy_eigen_direction:largest, greedy_eigen_index:4, greedy_eigenvalue:217.4357452392578, greedy_target_mode:frozen_snapshot, kmeans_n_init:100, kmeans_refresh_policy:one_epoch, batches_per_epoch:8, refinement_epoch:1, step9_metric_scope:full_dataset_after_epoch, step9_loss_scope:epoch_mean, step9_loss_batches:8, step9_loss_samples:1799, time:43.499
phase:paper_step4_to_7_common_refine_epoch_1, space:H_fused_latent, silhouette = 0.34137675166130066, loss:0.54582, n_changed_assignment:67," cluster_sizes:[320, 176, 675, 478, 150]", greedy_eigen_direction:largest, greedy_eigen_index:4, greedy_eigenvalue:80.86966705322266, greedy_target_mode:frozen_snapshot, kmeans_n_init:100, kmeans_refresh_policy:one_epoch, batches_per_epoch:8, time:44.125
phase:paper_step8_greedy_target_Yprime_refine_epoch_1, space:Y_greedy_target, silhouette = 0.41918349266052246, loss:0.54582, n_changed_assignment:67," cluster_sizes:[320, 176, 675, 478, 150]", greedy_eigen_direction:largest, greedy_eigen_index:4, greedy_eigenvalue:80.86966705322266, greedy_target_mode:frozen_snapshot, kmeans_n_init:100, kmeans_refresh_policy:one_epoch, batches_per_epoch:8, time:44.236
phase:paper_step9_after_full_epoch_2, space:H_fused_latent_same_labels, silhouette = 0.3696446418762207," loss:total:0.30206, L1_reconstruction:0.11472, L2_kmeans:0.13775, L3_trace_logged:0.13775, L4_greedy:0.04959, L4_selected_direction:0.04025, L4_nonselected_snapshot_anchor:0.00935, L4_selected_fraction:0.81154, L4_anchor_fraction:0.18846", n_changed_assignment:67," cluster_sizes:[320, 176, 675, 478, 150]", greedy_eigen_direction:largest, greedy_eigen_index:4, greedy_eigenvalue:80.86966705322266, greedy_target_mode:frozen_snapshot, kmeans_n_init:100, kmeans_refresh_policy:one_epoch, batches_per_epoch:8, refinement_epoch:2, step9_metric_scope:full_dataset_after_epoch, step9_loss_scope:epoch_mean, step9_loss_batches:8, step9_loss_samples:1799, time:47.979
phase:paper_step4_to_7_common_refine_epoch_2, space:H_fused_latent, silhouette = 0.37120774388313293, loss:0.32776, n_changed_assignment:53," cluster_sizes:[173, 686, 126, 323, 491]", greedy_eigen_direction:largest, greedy_eigen_index:4, greedy_eigenvalue:55.637142181396484, greedy_target_mode:frozen_snapshot, kmeans_n_init:100, kmeans_refresh_policy:one_epoch, batches_per_epoch:8, time:48.373
phase:paper_step8_greedy_target_Yprime_refine_epoch_2, space:Y_greedy_target, silhouette = 0.4663397967815399, loss:0.32776, n_changed_assignment:53," cluster_sizes:[173, 686, 126, 323, 491]", greedy_eigen_direction:largest, greedy_eigen_index:4, greedy_eigenvalue:55.637142181396484, greedy_target_mode:frozen_snapshot, kmeans_n_init:100, kmeans_refresh_policy:one_epoch, batches_per_epoch:8, time:48.418
phase:paper_step9_after_full_epoch_3, space:H_fused_latent_same_labels, silhouette = 0.3920639157295227," loss:total:0.18530, L1_reconstruction:0.06834, L2_kmeans:0.08617, L3_trace_logged:0.08617, L4_greedy:0.03079, L4_selected_direction:0.02822, L4_nonselected_snapshot_anchor:0.00258, L4_selected_fraction:0.91636, L4_anchor_fraction:0.08364", n_changed_assignment:53," cluster_sizes:[173, 686, 126, 323, 491]", greedy_eigen_direction:largest, greedy_eigen_index:4, greedy_eigenvalue:55.637142181396484, greedy_target_mode:frozen_snapshot, kmeans_n_init:100, kmeans_refresh_policy:one_epoch, batches_per_epoch:8, refinement_epoch:3, step9_metric_scope:full_dataset_after_epoch, step9_loss_scope:epoch_mean, step9_loss_batches:8, step9_loss_samples:1799, time:51.248
phase:paper_step4_to_7_common_refine_epoch_3, space:H_fused_latent, silhouette = 0.39345282316207886, loss:0.19866, n_changed_assignment:32," cluster_sizes:[687, 171, 497, 119, 325]", greedy_eigen_direction:largest, greedy_eigen_index:4, greedy_eigenvalue:32.14691925048828, greedy_target_mode:frozen_snapshot, kmeans_n_init:100, kmeans_refresh_policy:one_epoch, batches_per_epoch:8, time:51.647
phase:paper_step8_greedy_target_Yprime_refine_epoch_3, space:Y_greedy_target, silhouette = 0.47581031918525696, loss:0.19866, n_changed_assignment:32," cluster_sizes:[687, 171, 497, 119, 325]", greedy_eigen_direction:largest, greedy_eigen_index:4, greedy_eigenvalue:32.14691925048828, greedy_target_mode:frozen_snapshot, kmeans_n_init:100, kmeans_refresh_policy:one_epoch, batches_per_epoch:8, time:51.696
phase:paper_step9_after_full_epoch_4, space:H_fused_latent_same_labels, silhouette = 0.42320647835731506," loss:total:0.11511, L1_reconstruction:0.04673, L2_kmeans:0.05049, L3_trace_logged:0.05049, L4_greedy:0.01789, L4_selected_direction:0.01575, L4_nonselected_snapshot_anchor:0.00214, L4_selected_fraction:0.88030, L4_anchor_fraction:0.11970", n_changed_assignment:32," cluster_sizes:[687, 171, 497, 119, 325]", greedy_eigen_direction:largest, greedy_eigen_index:4, greedy_eigenvalue:32.14691925048828, greedy_target_mode:frozen_snapshot, kmeans_n_init:100, kmeans_refresh_policy:one_epoch, batches_per_epoch:8, refinement_epoch:4, step9_metric_scope:full_dataset_after_epoch, step9_loss_scope:epoch_mean, step9_loss_batches:8, step9_loss_samples:1799, time:54.527
phase:paper_step4_to_7_common_refine_epoch_4, space:H_fused_latent, silhouette = 0.42477476596832275, loss:0.12785, n_changed_assignment:31," cluster_sizes:[322, 699, 116, 493, 169]", greedy_eigen_direction:largest, greedy_eigen_index:4, greedy_eigenvalue:20.49201202392578, greedy_target_mode:frozen_snapshot, kmeans_n_init:100, kmeans_refresh_policy:one_epoch, batches_per_epoch:8, time:54.927
phase:paper_step8_greedy_target_Yprime_refine_epoch_4, space:Y_greedy_target, silhouette = 0.48595288395881653, loss:0.12785, n_changed_assignment:31," cluster_sizes:[322, 699, 116, 493, 169]", greedy_eigen_direction:largest, greedy_eigen_index:4, greedy_eigenvalue:20.49201202392578, greedy_target_mode:frozen_snapshot, kmeans_n_init:100, kmeans_refresh_policy:one_epoch, batches_per_epoch:8, time:54.974
phase:paper_step9_after_full_epoch_5, space:H_fused_latent_same_labels, silhouette = 0.4311419725418091," loss:total:0.07909, L1_reconstruction:0.03099, L2_kmeans:0.03571, L3_trace_logged:0.03571, L4_greedy:0.01239, L4_selected_direction:0.01062, L4_nonselected_snapshot_anchor:0.00177, L4_selected_fraction:0.85691, L4_anchor_fraction:0.14309", n_changed_assignment:31," cluster_sizes:[322, 699, 116, 493, 169]", greedy_eigen_direction:largest, greedy_eigen_index:4, greedy_eigenvalue:20.49201202392578, greedy_target_mode:frozen_snapshot, kmeans_n_init:100, kmeans_refresh_policy:one_epoch, batches_per_epoch:8, refinement_epoch:5, step9_metric_scope:full_dataset_after_epoch, step9_loss_scope:epoch_mean, step9_loss_batches:8, step9_loss_samples:1799, time:58.034
phase:paper_step4_to_7_common_refine_epoch_5, space:H_fused_latent, silhouette = 0.4329237639904022, loss:0.08238, n_changed_assignment:35," cluster_sizes:[168, 318, 118, 475, 720]", greedy_eigen_direction:largest, greedy_eigen_index:4, greedy_eigenvalue:13.885945320129395, greedy_target_mode:frozen_snapshot, kmeans_n_init:100, kmeans_refresh_policy:one_epoch, batches_per_epoch:8, time:58.628
phase:paper_step8_greedy_target_Yprime_refine_epoch_5, space:Y_greedy_target, silhouette = 0.4956367015838623, loss:0.08238, n_changed_assignment:35," cluster_sizes:[168, 318, 118, 475, 720]", greedy_eigen_direction:largest, greedy_eigen_index:4, greedy_eigenvalue:13.885945320129395, greedy_target_mode:frozen_snapshot, kmeans_n_init:100, kmeans_refresh_policy:one_epoch, batches_per_epoch:8, time:58.740
phase:paper_step9_after_full_epoch_6, space:H_fused_latent_same_labels, silhouette = 0.449264258146286," loss:total:0.05751, L1_reconstruction:0.02250, L2_kmeans:0.02682, L3_trace_logged:0.02682, L4_greedy:0.00818, L4_selected_direction:0.00744, L4_nonselected_snapshot_anchor:0.00074, L4_selected_fraction:0.90995, L4_anchor_fraction:0.09005", n_changed_assignment:35," cluster_sizes:[168, 318, 118, 475, 720]", greedy_eigen_direction:largest, greedy_eigen_index:4, greedy_eigenvalue:13.885945320129395, greedy_target_mode:frozen_snapshot, kmeans_n_init:100, kmeans_refresh_policy:one_epoch, batches_per_epoch:8, refinement_epoch:6, step9_metric_scope:full_dataset_after_epoch, step9_loss_scope:epoch_mean, step9_loss_batches:8, step9_loss_samples:1799, time:62.387
phase:paper_step4_to_7_common_refine_epoch_6, space:H_fused_latent, silhouette = 0.45326942205429077, loss:0.06501, n_changed_assignment:39," cluster_sizes:[755, 168, 115, 453, 308]", greedy_eigen_direction:largest, greedy_eigen_index:4, greedy_eigenvalue:10.971563339233398, greedy_target_mode:frozen_snapshot, kmeans_n_init:100, kmeans_refresh_policy:one_epoch, batches_per_epoch:8, time:62.780
phase:paper_step8_greedy_target_Yprime_refine_epoch_6, space:Y_greedy_target, silhouette = 0.5472179651260376, loss:0.06501, n_changed_assignment:39," cluster_sizes:[755, 168, 115, 453, 308]", greedy_eigen_direction:largest, greedy_eigen_index:4, greedy_eigenvalue:10.971563339233398, greedy_target_mode:frozen_snapshot, kmeans_n_init:100, kmeans_refresh_policy:one_epoch, batches_per_epoch:8, time:62.827
phase:paper_step9_after_full_epoch_7, space:H_fused_latent_same_labels, silhouette = 0.4623493254184723," loss:total:0.04458, L1_reconstruction:0.01833, L2_kmeans:0.01968, L3_trace_logged:0.01968, L4_greedy:0.00657, L4_selected_direction:0.00567, L4_nonselected_snapshot_anchor:0.00091, L4_selected_fraction:0.86211, L4_anchor_fraction:0.13789", n_changed_assignment:39," cluster_sizes:[755, 168, 115, 453, 308]", greedy_eigen_direction:largest, greedy_eigen_index:4, greedy_eigenvalue:10.971563339233398, greedy_target_mode:frozen_snapshot, kmeans_n_init:100, kmeans_refresh_policy:one_epoch, batches_per_epoch:8, refinement_epoch:7, step9_metric_scope:full_dataset_after_epoch, step9_loss_scope:epoch_mean, step9_loss_batches:8, step9_loss_samples:1799, time:65.690
phase:paper_step4_to_7_common_refine_epoch_7, space:H_fused_latent, silhouette = 0.46674948930740356, loss:0.04596, n_changed_assignment:47," cluster_sizes:[784, 162, 432, 123, 298]", greedy_eigen_direction:largest, greedy_eigen_index:4, greedy_eigenvalue:9.114474296569824, greedy_target_mode:frozen_snapshot, kmeans_n_init:100, kmeans_refresh_policy:one_epoch, batches_per_epoch:8, time:66.068
phase:paper_step8_greedy_target_Yprime_refine_epoch_7, space:Y_greedy_target, silhouette = 0.5606484413146973, loss:0.04596, n_changed_assignment:47," cluster_sizes:[784, 162, 432, 123, 298]", greedy_eigen_direction:largest, greedy_eigen_index:4, greedy_eigenvalue:9.114474296569824, greedy_target_mode:frozen_snapshot, kmeans_n_init:100, kmeans_refresh_policy:one_epoch, batches_per_epoch:8, time:66.116
phase:paper_step9_after_full_epoch_8, space:H_fused_latent_same_labels, silhouette = 0.4798418879508972," loss:total:0.03843, L1_reconstruction:0.01743, L2_kmeans:0.01563, L3_trace_logged:0.01563, L4_greedy:0.00538, L4_selected_direction:0.00486, L4_nonselected_snapshot_anchor:0.00052, L4_selected_fraction:0.90332, L4_anchor_fraction:0.09668", n_changed_assignment:47," cluster_sizes:[784, 162, 432, 123, 298]", greedy_eigen_direction:largest, greedy_eigen_index:4, greedy_eigenvalue:9.114474296569824, greedy_target_mode:frozen_snapshot, kmeans_n_init:100, kmeans_refresh_policy:one_epoch, batches_per_epoch:8, refinement_epoch:8, step9_metric_scope:full_dataset_after_epoch, step9_loss_scope:epoch_mean, step9_loss_batches:8, step9_loss_samples:1799, time:68.987
phase:paper_step4_to_7_common_refine_epoch_8, space:H_fused_latent, silhouette = 0.4813923239707947, loss:0.03582, n_changed_assignment:21," cluster_sizes:[428, 162, 784, 302, 123]", greedy_eigen_direction:largest, greedy_eigen_index:4, greedy_eigenvalue:7.279337406158447, greedy_target_mode:frozen_snapshot, kmeans_n_init:100, kmeans_refresh_policy:one_epoch, batches_per_epoch:8, time:69.396
phase:paper_step8_greedy_target_Yprime_refine_epoch_8, space:Y_greedy_target, silhouette = 0.5733107328414917, loss:0.03582, n_changed_assignment:21," cluster_sizes:[428, 162, 784, 302, 123]", greedy_eigen_direction:largest, greedy_eigen_index:4, greedy_eigenvalue:7.279337406158447, greedy_target_mode:frozen_snapshot, kmeans_n_init:100, kmeans_refresh_policy:one_epoch, batches_per_epoch:8, time:69.442
phase:paper_step9_after_full_epoch_9, space:H_fused_latent_same_labels, silhouette = 0.47485506534576416," loss:total:0.03587, L1_reconstruction:0.01809, L2_kmeans:0.01310, L3_trace_logged:0.01310, L4_greedy:0.00468, L4_selected_direction:0.00421, L4_nonselected_snapshot_anchor:0.00047, L4_selected_fraction:0.89889, L4_anchor_fraction:0.10111", n_changed_assignment:21," cluster_sizes:[428, 162, 784, 302, 123]", greedy_eigen_direction:largest, greedy_eigen_index:4, greedy_eigenvalue:7.279337406158447, greedy_target_mode:frozen_snapshot, kmeans_n_init:100, kmeans_refresh_policy:one_epoch, batches_per_epoch:8, refinement_epoch:9, step9_metric_scope:full_dataset_after_epoch, step9_loss_scope:epoch_mean, step9_loss_batches:8, step9_loss_samples:1799, time:72.559
phase:paper_step4_to_7_common_refine_epoch_9, space:H_fused_latent, silhouette = 0.4801543056964874, loss:0.02854, n_changed_assignment:36," cluster_sizes:[798, 162, 123, 293, 423]", greedy_eigen_direction:largest, greedy_eigen_index:4, greedy_eigenvalue:6.2802252769470215, greedy_target_mode:frozen_snapshot, kmeans_n_init:100, kmeans_refresh_policy:one_epoch, batches_per_epoch:8, time:73.061
phase:paper_step8_greedy_target_Yprime_refine_epoch_9, space:Y_greedy_target, silhouette = 0.5553828477859497, loss:0.02854, n_changed_assignment:36," cluster_sizes:[798, 162, 123, 293, 423]", greedy_eigen_direction:largest, greedy_eigen_index:4, greedy_eigenvalue:6.2802252769470215, greedy_target_mode:frozen_snapshot, kmeans_n_init:100, kmeans_refresh_policy:one_epoch, batches_per_epoch:8, time:73.130
phase:paper_step9_after_full_epoch_10, space:H_fused_latent_same_labels, silhouette = 0.495114266872406," loss:total:0.02911, L1_reconstruction:0.01485, L2_kmeans:0.01052, L3_trace_logged:0.01052, L4_greedy:0.00375, L4_selected_direction:0.00331, L4_nonselected_snapshot_anchor:0.00043, L4_selected_fraction:0.88460, L4_anchor_fraction:0.11540", n_changed_assignment:36," cluster_sizes:[798, 162, 123, 293, 423]", greedy_eigen_direction:largest, greedy_eigen_index:4, greedy_eigenvalue:6.2802252769470215, greedy_target_mode:frozen_snapshot, kmeans_n_init:100, kmeans_refresh_policy:one_epoch, batches_per_epoch:8, refinement_epoch:10, step9_metric_scope:full_dataset_after_epoch, step9_loss_scope:epoch_mean, step9_loss_batches:8, step9_loss_samples:1799, time:76.715
phase:paper_step4_to_7_common_refine_epoch_10, space:H_fused_latent, silhouette = 0.4953972101211548, loss:0.02574, n_changed_assignment:25," cluster_sizes:[294, 162, 793, 137, 413]", greedy_eigen_direction:largest, greedy_eigen_index:4, greedy_eigenvalue:5.52534294128418, greedy_target_mode:frozen_snapshot, kmeans_n_init:100, kmeans_refresh_policy:one_epoch, batches_per_epoch:8, time:77.107
phase:paper_step8_greedy_target_Yprime_refine_epoch_10, space:Y_greedy_target, silhouette = 0.6024596691131592, loss:0.02574, n_changed_assignment:25," cluster_sizes:[294, 162, 793, 137, 413]", greedy_eigen_direction:largest, greedy_eigen_index:4, greedy_eigenvalue:5.52534294128418, greedy_target_mode:frozen_snapshot, kmeans_n_init:100, kmeans_refresh_policy:one_epoch, batches_per_epoch:8, time:77.156
phase:paper_step9_after_full_epoch_11, space:H_fused_latent_same_labels, silhouette = 0.5019923448562622," loss:total:0.02920, L1_reconstruction:0.01672, L2_kmeans:0.00904, L3_trace_logged:0.00904, L4_greedy:0.00344, L4_selected_direction:0.00302, L4_nonselected_snapshot_anchor:0.00042, L4_selected_fraction:0.87863, L4_anchor_fraction:0.12137", n_changed_assignment:25," cluster_sizes:[294, 162, 793, 137, 413]", greedy_eigen_direction:largest, greedy_eigen_index:4, greedy_eigenvalue:5.52534294128418, greedy_target_mode:frozen_snapshot, kmeans_n_init:100, kmeans_refresh_policy:one_epoch, batches_per_epoch:8, refinement_epoch:11, step9_metric_scope:full_dataset_after_epoch, step9_loss_scope:epoch_mean, step9_loss_batches:8, step9_loss_samples:1799, time:80.090
phase:paper_step4_to_7_common_refine_epoch_11, space:H_fused_latent, silhouette = 0.5016888976097107, loss:0.02317, n_changed_assignment:23," cluster_sizes:[295, 782, 159, 147, 416]", greedy_eigen_direction:largest, greedy_eigen_index:4, greedy_eigenvalue:4.844146728515625, greedy_target_mode:frozen_snapshot, kmeans_n_init:100, kmeans_refresh_policy:one_epoch, batches_per_epoch:8, time:80.456
phase:paper_step8_greedy_target_Yprime_refine_epoch_11, space:Y_greedy_target, silhouette = 0.6166222095489502, loss:0.02317, n_changed_assignment:23," cluster_sizes:[295, 782, 159, 147, 416]", greedy_eigen_direction:largest, greedy_eigen_index:4, greedy_eigenvalue:4.844146728515625, greedy_target_mode:frozen_snapshot, kmeans_n_init:100, kmeans_refresh_policy:one_epoch, batches_per_epoch:8, time:80.501
phase:paper_step9_after_full_epoch_12, space:H_fused_latent_same_labels, silhouette = 0.5090684294700623," loss:total:0.02621, L1_reconstruction:0.01529, L2_kmeans:0.00781, L3_trace_logged:0.00781, L4_greedy:0.00311, L4_selected_direction:0.00259, L4_nonselected_snapshot_anchor:0.00052, L4_selected_fraction:0.83237, L4_anchor_fraction:0.16763", n_changed_assignment:23," cluster_sizes:[295, 782, 159, 147, 416]", greedy_eigen_direction:largest, greedy_eigen_index:4, greedy_eigenvalue:4.844146728515625, greedy_target_mode:frozen_snapshot, kmeans_n_init:100, kmeans_refresh_policy:one_epoch, batches_per_epoch:8, refinement_epoch:12, step9_metric_scope:full_dataset_after_epoch, step9_loss_scope:epoch_mean, step9_loss_batches:8, step9_loss_samples:1799, time:83.400
phase:paper_step4_to_7_common_refine_epoch_12, space:H_fused_latent, silhouette = 0.5099073648452759, loss:0.0265, n_changed_assignment:12," cluster_sizes:[298, 159, 151, 782, 409]", greedy_eigen_direction:largest, greedy_eigen_index:4, greedy_eigenvalue:4.334083080291748, greedy_target_mode:frozen_snapshot, kmeans_n_init:100, kmeans_refresh_policy:one_epoch, batches_per_epoch:8, time:83.803
phase:paper_step8_greedy_target_Yprime_refine_epoch_12, space:Y_greedy_target, silhouette = 0.6063337326049805, loss:0.0265, n_changed_assignment:12," cluster_sizes:[298, 159, 151, 782, 409]", greedy_eigen_direction:largest, greedy_eigen_index:4, greedy_eigenvalue:4.334083080291748, greedy_target_mode:frozen_snapshot, kmeans_n_init:100, kmeans_refresh_policy:one_epoch, batches_per_epoch:8, time:83.850
phase:training_stop, stop_reason:converged_assignment, refinement_epochs_completed:12, max_refinement_epochs:1400, time:83.968
phase:final_recomputed_artifact, space:H_fused_latent, silhouette = 0.5099073648452759, loss:0.02621, n_changed_assignment:0," cluster_sizes:[298, 159, 151, 782, 409]", greedy_eigen_direction:largest, greedy_eigen_index:4, greedy_target_mode:frozen_snapshot, kmeans_refresh_policy:one_epoch, batches_per_epoch:8, stop_reason:converged_assignment, refinement_epochs_completed:12, max_refinement_epochs:1400, loss_scope:last_completed_epoch_mean, time:84.340
run 1/3, seed:42, greedy_eigen_direction:largest, greedy_target_mode:frozen_snapshot, silhouette:0.5099073648452759, time:84.364
phase, space, metric, loss, n_changed_assignment, cluster_sizes, greedy_eigen_direction, greedy_eigen_index, greedy_eigenvalue, greedy_target_mode, time:2026-07-15 10:26:54
phase:baseline_raw_input, space:x, silhouette = 0.30998238921165466, loss:0.0, n_changed_assignment:1799," cluster_sizes:[480, 597, 348, 179, 195]", time:32.357
phase:paper_step4_to_7_common_pre_refine, space:H_fused_latent, silhouette = 0.2858103811740875, loss:0.0, n_changed_assignment:1799," cluster_sizes:[380, 507, 203, 394, 315]", greedy_eigen_direction:largest, greedy_eigen_index:4, greedy_eigenvalue:191.72222900390625, greedy_target_mode:frozen_snapshot, kmeans_n_init:100, kmeans_refresh_policy:one_epoch, batches_per_epoch:8, time:33.069
phase:paper_step8_greedy_target_Yprime_pre_refine, space:Y_greedy_target, silhouette = 0.4237712025642395, loss:0.0, n_changed_assignment:1799," cluster_sizes:[380, 507, 203, 394, 315]", greedy_eigen_direction:largest, greedy_eigen_index:4, greedy_eigenvalue:191.72222900390625, greedy_target_mode:frozen_snapshot, kmeans_n_init:100, kmeans_refresh_policy:one_epoch, batches_per_epoch:8, time:33.124
phase:paper_step9_after_full_epoch_1, space:H_fused_latent_same_labels, silhouette = 0.3291073441505432," loss:total:0.71886, L1_reconstruction:0.38498, L2_kmeans:0.22313, L3_trace_logged:0.22313, L4_greedy:0.11075, L4_selected_direction:0.06529, L4_nonselected_snapshot_anchor:0.04547, L4_selected_fraction:0.58949, L4_anchor_fraction:0.41051", n_changed_assignment:1799," cluster_sizes:[380, 507, 203, 394, 315]", greedy_eigen_direction:largest, greedy_eigen_index:4, greedy_eigenvalue:191.72222900390625, greedy_target_mode:frozen_snapshot, kmeans_n_init:100, kmeans_refresh_policy:one_epoch, batches_per_epoch:8, refinement_epoch:1, step9_metric_scope:full_dataset_after_epoch, step9_loss_scope:epoch_mean, step9_loss_batches:8, step9_loss_samples:1799, time:36.200
phase:paper_step4_to_7_common_refine_epoch_1, space:H_fused_latent, silhouette = 0.3418519198894501, loss:0.37647, n_changed_assignment:153," cluster_sizes:[309, 460, 409, 191, 430]", greedy_eigen_direction:largest, greedy_eigen_index:4, greedy_eigenvalue:81.23054504394531, greedy_target_mode:frozen_snapshot, kmeans_n_init:100, kmeans_refresh_policy:one_epoch, batches_per_epoch:8, time:36.693
phase:paper_step8_greedy_target_Yprime_refine_epoch_1, space:Y_greedy_target, silhouette = 0.46984100341796875, loss:0.37647, n_changed_assignment:153," cluster_sizes:[309, 460, 409, 191, 430]", greedy_eigen_direction:largest, greedy_eigen_index:4, greedy_eigenvalue:81.23054504394531, greedy_target_mode:frozen_snapshot, kmeans_n_init:100, kmeans_refresh_policy:one_epoch, batches_per_epoch:8, time:36.741
phase:paper_step9_after_full_epoch_2, space:H_fused_latent_same_labels, silhouette = 0.3590049743652344," loss:total:0.31080, L1_reconstruction:0.14612, L2_kmeans:0.11504, L3_trace_logged:0.11504, L4_greedy:0.04964, L4_selected_direction:0.04177, L4_nonselected_snapshot_anchor:0.00787, L4_selected_fraction:0.84139, L4_anchor_fraction:0.15861", n_changed_assignment:153," cluster_sizes:[309, 460, 409, 191, 430]", greedy_eigen_direction:largest, greedy_eigen_index:4, greedy_eigenvalue:81.23054504394531, greedy_target_mode:frozen_snapshot, kmeans_n_init:100, kmeans_refresh_policy:one_epoch, batches_per_epoch:8, refinement_epoch:2, step9_metric_scope:full_dataset_after_epoch, step9_loss_scope:epoch_mean, step9_loss_batches:8, step9_loss_samples:1799, time:39.573
phase:paper_step4_to_7_common_refine_epoch_2, space:H_fused_latent, silhouette = 0.3680693507194519, loss:0.13228, n_changed_assignment:118," cluster_sizes:[312, 415, 187, 389, 496]", greedy_eigen_direction:largest, greedy_eigen_index:4, greedy_eigenvalue:53.605926513671875, greedy_target_mode:frozen_snapshot, kmeans_n_init:100, kmeans_refresh_policy:one_epoch, batches_per_epoch:8, time:40.055
phase:paper_step8_greedy_target_Yprime_refine_epoch_2, space:Y_greedy_target, silhouette = 0.4997624158859253, loss:0.13228, n_changed_assignment:118," cluster_sizes:[312, 415, 187, 389, 496]", greedy_eigen_direction:largest, greedy_eigen_index:4, greedy_eigenvalue:53.605926513671875, greedy_target_mode:frozen_snapshot, kmeans_n_init:100, kmeans_refresh_policy:one_epoch, batches_per_epoch:8, time:40.102
phase:paper_step9_after_full_epoch_3, space:H_fused_latent_same_labels, silhouette = 0.3774368166923523," loss:total:0.17615, L1_reconstruction:0.07323, L2_kmeans:0.07084, L3_trace_logged:0.07084, L4_greedy:0.03209, L4_selected_direction:0.02686, L4_nonselected_snapshot_anchor:0.00522, L4_selected_fraction:0.83722, L4_anchor_fraction:0.16278", n_changed_assignment:118," cluster_sizes:[312, 415, 187, 389, 496]", greedy_eigen_direction:largest, greedy_eigen_index:4, greedy_eigenvalue:53.605926513671875, greedy_target_mode:frozen_snapshot, kmeans_n_init:100, kmeans_refresh_policy:one_epoch, batches_per_epoch:8, refinement_epoch:3, step9_metric_scope:full_dataset_after_epoch, step9_loss_scope:epoch_mean, step9_loss_batches:8, step9_loss_samples:1799, time:43.017
phase:paper_step4_to_7_common_refine_epoch_3, space:H_fused_latent, silhouette = 0.38254931569099426, loss:0.10898, n_changed_assignment:74," cluster_sizes:[186, 305, 408, 491, 409]", greedy_eigen_direction:largest, greedy_eigen_index:4, greedy_eigenvalue:38.21002960205078, greedy_target_mode:frozen_snapshot, kmeans_n_init:100, kmeans_refresh_policy:one_epoch, batches_per_epoch:8, time:43.725
phase:paper_step8_greedy_target_Yprime_refine_epoch_3, space:Y_greedy_target, silhouette = 0.5122147798538208, loss:0.10898, n_changed_assignment:74," cluster_sizes:[186, 305, 408, 491, 409]", greedy_eigen_direction:largest, greedy_eigen_index:4, greedy_eigenvalue:38.21002960205078, greedy_target_mode:frozen_snapshot, kmeans_n_init:100, kmeans_refresh_policy:one_epoch, batches_per_epoch:8, time:43.832
phase:paper_step9_after_full_epoch_4, space:H_fused_latent_same_labels, silhouette = 0.4027123749256134," loss:total:0.11569, L1_reconstruction:0.04577, L2_kmeans:0.04825, L3_trace_logged:0.04825, L4_greedy:0.02167, L4_selected_direction:0.01964, L4_nonselected_snapshot_anchor:0.00202, L4_selected_fraction:0.90660, L4_anchor_fraction:0.09340", n_changed_assignment:74," cluster_sizes:[186, 305, 408, 491, 409]", greedy_eigen_direction:largest, greedy_eigen_index:4, greedy_eigenvalue:38.21002960205078, greedy_target_mode:frozen_snapshot, kmeans_n_init:100, kmeans_refresh_policy:one_epoch, batches_per_epoch:8, refinement_epoch:4, step9_metric_scope:full_dataset_after_epoch, step9_loss_scope:epoch_mean, step9_loss_batches:8, step9_loss_samples:1799, time:47.518
phase:paper_step4_to_7_common_refine_epoch_4, space:H_fused_latent, silhouette = 0.4046059548854828, loss:0.04394, n_changed_assignment:42," cluster_sizes:[409, 420, 183, 302, 485]", greedy_eigen_direction:largest, greedy_eigen_index:4, greedy_eigenvalue:29.415828704833984, greedy_target_mode:frozen_snapshot, kmeans_n_init:100, kmeans_refresh_policy:one_epoch, batches_per_epoch:8, time:47.990
phase:paper_step8_greedy_target_Yprime_refine_epoch_4, space:Y_greedy_target, silhouette = 0.5420789122581482, loss:0.04394, n_changed_assignment:42," cluster_sizes:[409, 420, 183, 302, 485]", greedy_eigen_direction:largest, greedy_eigen_index:4, greedy_eigenvalue:29.415828704833984, greedy_target_mode:frozen_snapshot, kmeans_n_init:100, kmeans_refresh_policy:one_epoch, batches_per_epoch:8, time:48.036
phase:paper_step9_after_full_epoch_5, space:H_fused_latent_same_labels, silhouette = 0.40528932213783264," loss:total:0.08187, L1_reconstruction:0.03156, L2_kmeans:0.03417, L3_trace_logged:0.03417, L4_greedy:0.01614, L4_selected_direction:0.01508, L4_nonselected_snapshot_anchor:0.00107, L4_selected_fraction:0.93375, L4_anchor_fraction:0.06625", n_changed_assignment:42," cluster_sizes:[409, 420, 183, 302, 485]", greedy_eigen_direction:largest, greedy_eigen_index:4, greedy_eigenvalue:29.415828704833984, greedy_target_mode:frozen_snapshot, kmeans_n_init:100, kmeans_refresh_policy:one_epoch, batches_per_epoch:8, refinement_epoch:5, step9_metric_scope:full_dataset_after_epoch, step9_loss_scope:epoch_mean, step9_loss_batches:8, step9_loss_samples:1799, time:50.934
phase:paper_step4_to_7_common_refine_epoch_5, space:H_fused_latent, silhouette = 0.4073951840400696, loss:0.0338, n_changed_assignment:126," cluster_sizes:[271, 181, 486, 378, 483]", greedy_eigen_direction:largest, greedy_eigen_index:4, greedy_eigenvalue:22.202402114868164, greedy_target_mode:frozen_snapshot, kmeans_n_init:100, kmeans_refresh_policy:one_epoch, batches_per_epoch:8, time:51.395
phase:paper_step8_greedy_target_Yprime_refine_epoch_5, space:Y_greedy_target, silhouette = 0.5445430874824524, loss:0.0338, n_changed_assignment:126," cluster_sizes:[271, 181, 486, 378, 483]", greedy_eigen_direction:largest, greedy_eigen_index:4, greedy_eigenvalue:22.202402114868164, greedy_target_mode:frozen_snapshot, kmeans_n_init:100, kmeans_refresh_policy:one_epoch, batches_per_epoch:8, time:51.444
phase:paper_step9_after_full_epoch_6, space:H_fused_latent_same_labels, silhouette = 0.4166242182254791," loss:total:0.05859, L1_reconstruction:0.02101, L2_kmeans:0.02540, L3_trace_logged:0.02540, L4_greedy:0.01219, L4_selected_direction:0.01146, L4_nonselected_snapshot_anchor:0.00073, L4_selected_fraction:0.94039, L4_anchor_fraction:0.05961", n_changed_assignment:126," cluster_sizes:[271, 181, 486, 378, 483]", greedy_eigen_direction:largest, greedy_eigen_index:4, greedy_eigenvalue:22.202402114868164, greedy_target_mode:frozen_snapshot, kmeans_n_init:100, kmeans_refresh_policy:one_epoch, batches_per_epoch:8, refinement_epoch:6, step9_metric_scope:full_dataset_after_epoch, step9_loss_scope:epoch_mean, step9_loss_batches:8, step9_loss_samples:1799, time:54.291
phase:paper_step4_to_7_common_refine_epoch_6, space:H_fused_latent, silhouette = 0.3937831223011017, loss:0.01884, n_changed_assignment:191," cluster_sizes:[521, 181, 313, 505, 279]", greedy_eigen_direction:largest, greedy_eigen_index:4, greedy_eigenvalue:15.588213920593262, greedy_target_mode:frozen_snapshot, kmeans_n_init:100, kmeans_refresh_policy:one_epoch, batches_per_epoch:8, time:54.732
phase:paper_step8_greedy_target_Yprime_refine_epoch_6, space:Y_greedy_target, silhouette = 0.5309039950370789, loss:0.01884, n_changed_assignment:191," cluster_sizes:[521, 181, 313, 505, 279]", greedy_eigen_direction:largest, greedy_eigen_index:4, greedy_eigenvalue:15.588213920593262, greedy_target_mode:frozen_snapshot, kmeans_n_init:100, kmeans_refresh_policy:one_epoch, batches_per_epoch:8, time:54.781
phase:paper_step9_after_full_epoch_7, space:H_fused_latent_same_labels, silhouette = 0.40611714124679565," loss:total:0.04517, L1_reconstruction:0.01717, L2_kmeans:0.01939, L3_trace_logged:0.01939, L4_greedy:0.00862, L4_selected_direction:0.00807, L4_nonselected_snapshot_anchor:0.00054, L4_selected_fraction:0.93696, L4_anchor_fraction:0.06304", n_changed_assignment:191," cluster_sizes:[521, 181, 313, 505, 279]", greedy_eigen_direction:largest, greedy_eigen_index:4, greedy_eigenvalue:15.588213920593262, greedy_target_mode:frozen_snapshot, kmeans_n_init:100, kmeans_refresh_policy:one_epoch, batches_per_epoch:8, refinement_epoch:7, step9_metric_scope:full_dataset_after_epoch, step9_loss_scope:epoch_mean, step9_loss_batches:8, step9_loss_samples:1799, time:57.807
phase:paper_step4_to_7_common_refine_epoch_7, space:H_fused_latent, silhouette = 0.40405911207199097, loss:0.01688, n_changed_assignment:44," cluster_sizes:[308, 532, 180, 505, 274]", greedy_eigen_direction:largest, greedy_eigen_index:4, greedy_eigenvalue:11.226921081542969, greedy_target_mode:frozen_snapshot, kmeans_n_init:100, kmeans_refresh_policy:one_epoch, batches_per_epoch:8, time:58.387
phase:paper_step8_greedy_target_Yprime_refine_epoch_7, space:Y_greedy_target, silhouette = 0.5481849908828735, loss:0.01688, n_changed_assignment:44," cluster_sizes:[308, 532, 180, 505, 274]", greedy_eigen_direction:largest, greedy_eigen_index:4, greedy_eigenvalue:11.226921081542969, greedy_target_mode:frozen_snapshot, kmeans_n_init:100, kmeans_refresh_policy:one_epoch, batches_per_epoch:8, time:58.496
phase:paper_step9_after_full_epoch_8, space:H_fused_latent_same_labels, silhouette = 0.41682133078575134," loss:total:0.03489, L1_reconstruction:0.01407, L2_kmeans:0.01450, L3_trace_logged:0.01450, L4_greedy:0.00631, L4_selected_direction:0.00600, L4_nonselected_snapshot_anchor:0.00031, L4_selected_fraction:0.95068, L4_anchor_fraction:0.04932", n_changed_assignment:44," cluster_sizes:[308, 532, 180, 505, 274]", greedy_eigen_direction:largest, greedy_eigen_index:4, greedy_eigenvalue:11.226921081542969, greedy_target_mode:frozen_snapshot, kmeans_n_init:100, kmeans_refresh_policy:one_epoch, batches_per_epoch:8, refinement_epoch:8, step9_metric_scope:full_dataset_after_epoch, step9_loss_scope:epoch_mean, step9_loss_batches:8, step9_loss_samples:1799, time:62.027
phase:paper_step4_to_7_common_refine_epoch_8, space:H_fused_latent, silhouette = 0.4168609082698822, loss:0.01132, n_changed_assignment:53," cluster_sizes:[563, 182, 297, 265, 492]", greedy_eigen_direction:largest, greedy_eigen_index:4, greedy_eigenvalue:9.091070175170898, greedy_target_mode:frozen_snapshot, kmeans_n_init:100, kmeans_refresh_policy:one_epoch, batches_per_epoch:8, time:62.465
phase:paper_step8_greedy_target_Yprime_refine_epoch_8, space:Y_greedy_target, silhouette = 0.5668084025382996, loss:0.01132, n_changed_assignment:53," cluster_sizes:[563, 182, 297, 265, 492]", greedy_eigen_direction:largest, greedy_eigen_index:4, greedy_eigenvalue:9.091070175170898, greedy_target_mode:frozen_snapshot, kmeans_n_init:100, kmeans_refresh_policy:one_epoch, batches_per_epoch:8, time:62.525
phase:paper_step9_after_full_epoch_9, space:H_fused_latent_same_labels, silhouette = 0.43419671058654785," loss:total:0.02893, L1_reconstruction:0.01273, L2_kmeans:0.01110, L3_trace_logged:0.01110, L4_greedy:0.00510, L4_selected_direction:0.00484, L4_nonselected_snapshot_anchor:0.00026, L4_selected_fraction:0.94868, L4_anchor_fraction:0.05132", n_changed_assignment:53," cluster_sizes:[563, 182, 297, 265, 492]", greedy_eigen_direction:largest, greedy_eigen_index:4, greedy_eigenvalue:9.091070175170898, greedy_target_mode:frozen_snapshot, kmeans_n_init:100, kmeans_refresh_policy:one_epoch, batches_per_epoch:8, refinement_epoch:9, step9_metric_scope:full_dataset_after_epoch, step9_loss_scope:epoch_mean, step9_loss_batches:8, step9_loss_samples:1799, time:65.291
phase:paper_step4_to_7_common_refine_epoch_9, space:H_fused_latent, silhouette = 0.43536627292633057, loss:0.01093, n_changed_assignment:32," cluster_sizes:[259, 180, 492, 570, 298]", greedy_eigen_direction:largest, greedy_eigen_index:4, greedy_eigenvalue:7.643913269042969, greedy_target_mode:frozen_snapshot, kmeans_n_init:100, kmeans_refresh_policy:one_epoch, batches_per_epoch:8, time:65.747
phase:paper_step8_greedy_target_Yprime_refine_epoch_9, space:Y_greedy_target, silhouette = 0.6004948616027832, loss:0.01093, n_changed_assignment:32," cluster_sizes:[259, 180, 492, 570, 298]", greedy_eigen_direction:largest, greedy_eigen_index:4, greedy_eigenvalue:7.643913269042969, greedy_target_mode:frozen_snapshot, kmeans_n_init:100, kmeans_refresh_policy:one_epoch, batches_per_epoch:8, time:65.802
phase:paper_step9_after_full_epoch_10, space:H_fused_latent_same_labels, silhouette = 0.4450470209121704," loss:total:0.02533, L1_reconstruction:0.01217, L2_kmeans:0.00876, L3_trace_logged:0.00876, L4_greedy:0.00440, L4_selected_direction:0.00416, L4_nonselected_snapshot_anchor:0.00025, L4_selected_fraction:0.94406, L4_anchor_fraction:0.05594", n_changed_assignment:32," cluster_sizes:[259, 180, 492, 570, 298]", greedy_eigen_direction:largest, greedy_eigen_index:4, greedy_eigenvalue:7.643913269042969, greedy_target_mode:frozen_snapshot, kmeans_n_init:100, kmeans_refresh_policy:one_epoch, batches_per_epoch:8, refinement_epoch:10, step9_metric_scope:full_dataset_after_epoch, step9_loss_scope:epoch_mean, step9_loss_batches:8, step9_loss_samples:1799, time:68.640
phase:paper_step4_to_7_common_refine_epoch_10, space:H_fused_latent, silhouette = 0.44875067472457886, loss:0.00797, n_changed_assignment:41," cluster_sizes:[567, 181, 300, 265, 486]", greedy_eigen_direction:largest, greedy_eigen_index:4, greedy_eigenvalue:6.946201324462891, greedy_target_mode:frozen_snapshot, kmeans_n_init:100, kmeans_refresh_policy:one_epoch, batches_per_epoch:8, time:69.103
phase:paper_step8_greedy_target_Yprime_refine_epoch_10, space:Y_greedy_target, silhouette = 0.6221824884414673, loss:0.00797, n_changed_assignment:41," cluster_sizes:[567, 181, 300, 265, 486]", greedy_eigen_direction:largest, greedy_eigen_index:4, greedy_eigenvalue:6.946201324462891, greedy_target_mode:frozen_snapshot, kmeans_n_init:100, kmeans_refresh_policy:one_epoch, batches_per_epoch:8, time:69.152
phase:paper_step9_after_full_epoch_11, space:H_fused_latent_same_labels, silhouette = 0.45783525705337524," loss:total:0.02441, L1_reconstruction:0.01284, L2_kmeans:0.00752, L3_trace_logged:0.00752, L4_greedy:0.00406, L4_selected_direction:0.00377, L4_nonselected_snapshot_anchor:0.00029, L4_selected_fraction:0.92869, L4_anchor_fraction:0.07131", n_changed_assignment:41," cluster_sizes:[567, 181, 300, 265, 486]", greedy_eigen_direction:largest, greedy_eigen_index:4, greedy_eigenvalue:6.946201324462891, greedy_target_mode:frozen_snapshot, kmeans_n_init:100, kmeans_refresh_policy:one_epoch, batches_per_epoch:8, refinement_epoch:11, step9_metric_scope:full_dataset_after_epoch, step9_loss_scope:epoch_mean, step9_loss_batches:8, step9_loss_samples:1799, time:72.386
phase:paper_step4_to_7_common_refine_epoch_11, space:H_fused_latent, silhouette = 0.46007564663887024, loss:0.00596, n_changed_assignment:34," cluster_sizes:[261, 182, 304, 491, 561]", greedy_eigen_direction:largest, greedy_eigen_index:4, greedy_eigenvalue:6.345218181610107, greedy_target_mode:frozen_snapshot, kmeans_n_init:100, kmeans_refresh_policy:one_epoch, batches_per_epoch:8, time:73.079
phase:paper_step8_greedy_target_Yprime_refine_epoch_11, space:Y_greedy_target, silhouette = 0.6358420848846436, loss:0.00596, n_changed_assignment:34," cluster_sizes:[261, 182, 304, 491, 561]", greedy_eigen_direction:largest, greedy_eigen_index:4, greedy_eigenvalue:6.345218181610107, greedy_target_mode:frozen_snapshot, kmeans_n_init:100, kmeans_refresh_policy:one_epoch, batches_per_epoch:8, time:73.183
phase:paper_step9_after_full_epoch_12, space:H_fused_latent_same_labels, silhouette = 0.4716317057609558," loss:total:0.02147, L1_reconstruction:0.01119, L2_kmeans:0.00660, L3_trace_logged:0.00660, L4_greedy:0.00368, L4_selected_direction:0.00345, L4_nonselected_snapshot_anchor:0.00022, L4_selected_fraction:0.93951, L4_anchor_fraction:0.06049", n_changed_assignment:34," cluster_sizes:[261, 182, 304, 491, 561]", greedy_eigen_direction:largest, greedy_eigen_index:4, greedy_eigenvalue:6.345218181610107, greedy_target_mode:frozen_snapshot, kmeans_n_init:100, kmeans_refresh_policy:one_epoch, batches_per_epoch:8, refinement_epoch:12, step9_metric_scope:full_dataset_after_epoch, step9_loss_scope:epoch_mean, step9_loss_batches:8, step9_loss_samples:1799, time:76.491
phase:paper_step4_to_7_common_refine_epoch_12, space:H_fused_latent, silhouette = 0.47264814376831055, loss:0.00555, n_changed_assignment:21," cluster_sizes:[182, 491, 306, 556, 264]", greedy_eigen_direction:largest, greedy_eigen_index:4, greedy_eigenvalue:5.762631893157959, greedy_target_mode:frozen_snapshot, kmeans_n_init:100, kmeans_refresh_policy:one_epoch, batches_per_epoch:8, time:76.896
phase:paper_step8_greedy_target_Yprime_refine_epoch_12, space:Y_greedy_target, silhouette = 0.6514459252357483, loss:0.00555, n_changed_assignment:21," cluster_sizes:[182, 491, 306, 556, 264]", greedy_eigen_direction:largest, greedy_eigen_index:4, greedy_eigenvalue:5.762631893157959, greedy_target_mode:frozen_snapshot, kmeans_n_init:100, kmeans_refresh_policy:one_epoch, batches_per_epoch:8, time:76.942
phase:paper_step9_after_full_epoch_13, space:H_fused_latent_same_labels, silhouette = 0.4863583445549011," loss:total:0.01874, L1_reconstruction:0.00966, L2_kmeans:0.00577, L3_trace_logged:0.00577, L4_greedy:0.00330, L4_selected_direction:0.00315, L4_nonselected_snapshot_anchor:0.00015, L4_selected_fraction:0.95331, L4_anchor_fraction:0.04669", n_changed_assignment:21," cluster_sizes:[182, 491, 306, 556, 264]", greedy_eigen_direction:largest, greedy_eigen_index:4, greedy_eigenvalue:5.762631893157959, greedy_target_mode:frozen_snapshot, kmeans_n_init:100, kmeans_refresh_policy:one_epoch, batches_per_epoch:8, refinement_epoch:13, step9_metric_scope:full_dataset_after_epoch, step9_loss_scope:epoch_mean, step9_loss_batches:8, step9_loss_samples:1799, time:79.818
phase:paper_step4_to_7_common_refine_epoch_13, space:H_fused_latent, silhouette = 0.48667335510253906, loss:0.0043, n_changed_assignment:13," cluster_sizes:[498, 183, 305, 261, 552]", greedy_eigen_direction:largest, greedy_eigen_index:4, greedy_eigenvalue:5.028355598449707, greedy_target_mode:frozen_snapshot, kmeans_n_init:100, kmeans_refresh_policy:one_epoch, batches_per_epoch:8, time:80.218
phase:paper_step8_greedy_target_Yprime_refine_epoch_13, space:Y_greedy_target, silhouette = 0.6676394939422607, loss:0.0043, n_changed_assignment:13," cluster_sizes:[498, 183, 305, 261, 552]", greedy_eigen_direction:largest, greedy_eigen_index:4, greedy_eigenvalue:5.028355598449707, greedy_target_mode:frozen_snapshot, kmeans_n_init:100, kmeans_refresh_policy:one_epoch, batches_per_epoch:8, time:80.284
phase:training_stop, stop_reason:converged_assignment, refinement_epochs_completed:13, max_refinement_epochs:1400, time:80.404
phase:final_recomputed_artifact, space:H_fused_latent, silhouette = 0.48667335510253906, loss:0.01874, n_changed_assignment:0," cluster_sizes:[498, 183, 305, 261, 552]", greedy_eigen_direction:largest, greedy_eigen_index:4, greedy_target_mode:frozen_snapshot, kmeans_refresh_policy:one_epoch, batches_per_epoch:8, stop_reason:converged_assignment, refinement_epochs_completed:13, max_refinement_epochs:1400, loss_scope:last_completed_epoch_mean, time:80.788
run 2/3, seed:43, greedy_eigen_direction:largest, greedy_target_mode:frozen_snapshot, silhouette:0.48667335510253906, time:80.812
phase, space, metric, loss, n_changed_assignment, cluster_sizes, greedy_eigen_direction, greedy_eigen_index, greedy_eigenvalue, greedy_target_mode, time:2026-07-15 10:28:15
phase:baseline_raw_input, space:x, silhouette = 0.3103761672973633, loss:0.0, n_changed_assignment:1799," cluster_sizes:[593, 188, 352, 180, 486]", time:31.284
phase:paper_step4_to_7_common_pre_refine, space:H_fused_latent, silhouette = 0.2797670066356659, loss:0.0, n_changed_assignment:1799," cluster_sizes:[199, 333, 137, 644, 486]", greedy_eigen_direction:largest, greedy_eigen_index:4, greedy_eigenvalue:183.91246032714844, greedy_target_mode:frozen_snapshot, kmeans_n_init:100, kmeans_refresh_policy:one_epoch, batches_per_epoch:8, time:31.916
phase:paper_step8_greedy_target_Yprime_pre_refine, space:Y_greedy_target, silhouette = 0.40292686223983765, loss:0.0, n_changed_assignment:1799," cluster_sizes:[199, 333, 137, 644, 486]", greedy_eigen_direction:largest, greedy_eigen_index:4, greedy_eigenvalue:183.91246032714844, greedy_target_mode:frozen_snapshot, kmeans_n_init:100, kmeans_refresh_policy:one_epoch, batches_per_epoch:8, time:31.973
phase:paper_step9_after_full_epoch_1, space:H_fused_latent_same_labels, silhouette = 0.3412792384624481," loss:total:0.52649, L1_reconstruction:0.24035, L2_kmeans:0.19883, L3_trace_logged:0.19883, L4_greedy:0.08731, L4_selected_direction:0.05886, L4_nonselected_snapshot_anchor:0.02844, L4_selected_fraction:0.67420, L4_anchor_fraction:0.32580", n_changed_assignment:1799," cluster_sizes:[199, 333, 137, 644, 486]", greedy_eigen_direction:largest, greedy_eigen_index:4, greedy_eigenvalue:183.91246032714844, greedy_target_mode:frozen_snapshot, kmeans_n_init:100, kmeans_refresh_policy:one_epoch, batches_per_epoch:8, refinement_epoch:1, step9_metric_scope:full_dataset_after_epoch, step9_loss_scope:epoch_mean, step9_loss_batches:8, step9_loss_samples:1799, time:36.046
phase:paper_step4_to_7_common_refine_epoch_1, space:H_fused_latent, silhouette = 0.34405338764190674, loss:0.25769, n_changed_assignment:66," cluster_sizes:[335, 638, 197, 472, 157]", greedy_eigen_direction:largest, greedy_eigen_index:4, greedy_eigenvalue:63.87110137939453, greedy_target_mode:frozen_snapshot, kmeans_n_init:100, kmeans_refresh_policy:one_epoch, batches_per_epoch:8, time:36.459
phase:paper_step8_greedy_target_Yprime_refine_epoch_1, space:Y_greedy_target, silhouette = 0.4488076865673065, loss:0.25769, n_changed_assignment:66," cluster_sizes:[335, 638, 197, 472, 157]", greedy_eigen_direction:largest, greedy_eigen_index:4, greedy_eigenvalue:63.87110137939453, greedy_target_mode:frozen_snapshot, kmeans_n_init:100, kmeans_refresh_policy:one_epoch, batches_per_epoch:8, time:36.511
phase:paper_step9_after_full_epoch_2, space:H_fused_latent_same_labels, silhouette = 0.366746723651886," loss:total:0.25611, L1_reconstruction:0.12202, L2_kmeans:0.09534, L3_trace_logged:0.09534, L4_greedy:0.03875, L4_selected_direction:0.03412, L4_nonselected_snapshot_anchor:0.00463, L4_selected_fraction:0.88053, L4_anchor_fraction:0.11947", n_changed_assignment:66," cluster_sizes:[335, 638, 197, 472, 157]", greedy_eigen_direction:largest, greedy_eigen_index:4, greedy_eigenvalue:63.87110137939453, greedy_target_mode:frozen_snapshot, kmeans_n_init:100, kmeans_refresh_policy:one_epoch, batches_per_epoch:8, refinement_epoch:2, step9_metric_scope:full_dataset_after_epoch, step9_loss_scope:epoch_mean, step9_loss_batches:8, step9_loss_samples:1799, time:39.390
phase:paper_step4_to_7_common_refine_epoch_2, space:H_fused_latent, silhouette = 0.36895719170570374, loss:0.15088, n_changed_assignment:51," cluster_sizes:[327, 151, 473, 196, 652]", greedy_eigen_direction:largest, greedy_eigen_index:4, greedy_eigenvalue:42.02724838256836, greedy_target_mode:frozen_snapshot, kmeans_n_init:100, kmeans_refresh_policy:one_epoch, batches_per_epoch:8, time:39.799
phase:paper_step8_greedy_target_Yprime_refine_epoch_2, space:Y_greedy_target, silhouette = 0.4698776602745056, loss:0.15088, n_changed_assignment:51," cluster_sizes:[327, 151, 473, 196, 652]", greedy_eigen_direction:largest, greedy_eigen_index:4, greedy_eigenvalue:42.02724838256836, greedy_target_mode:frozen_snapshot, kmeans_n_init:100, kmeans_refresh_policy:one_epoch, batches_per_epoch:8, time:39.848
phase:paper_step9_after_full_epoch_3, space:H_fused_latent_same_labels, silhouette = 0.3917127847671509," loss:total:0.16321, L1_reconstruction:0.07914, L2_kmeans:0.05790, L3_trace_logged:0.05790, L4_greedy:0.02617, L4_selected_direction:0.02191, L4_nonselected_snapshot_anchor:0.00426, L4_selected_fraction:0.83734, L4_anchor_fraction:0.16266", n_changed_assignment:51," cluster_sizes:[327, 151, 473, 196, 652]", greedy_eigen_direction:largest, greedy_eigen_index:4, greedy_eigenvalue:42.02724838256836, greedy_target_mode:frozen_snapshot, kmeans_n_init:100, kmeans_refresh_policy:one_epoch, batches_per_epoch:8, refinement_epoch:3, step9_metric_scope:full_dataset_after_epoch, step9_loss_scope:epoch_mean, step9_loss_batches:8, step9_loss_samples:1799, time:42.729
phase:paper_step4_to_7_common_refine_epoch_3, space:H_fused_latent, silhouette = 0.39534488320350647, loss:0.1187, n_changed_assignment:57," cluster_sizes:[336, 191, 668, 151, 453]", greedy_eigen_direction:largest, greedy_eigen_index:4, greedy_eigenvalue:25.647903442382812, greedy_target_mode:frozen_snapshot, kmeans_n_init:100, kmeans_refresh_policy:one_epoch, batches_per_epoch:8, time:43.119
phase:paper_step8_greedy_target_Yprime_refine_epoch_3, space:Y_greedy_target, silhouette = 0.4930057227611542, loss:0.1187, n_changed_assignment:57," cluster_sizes:[336, 191, 668, 151, 453]", greedy_eigen_direction:largest, greedy_eigen_index:4, greedy_eigenvalue:25.647903442382812, greedy_target_mode:frozen_snapshot, kmeans_n_init:100, kmeans_refresh_policy:one_epoch, batches_per_epoch:8, time:43.165
phase:paper_step9_after_full_epoch_4, space:H_fused_latent_same_labels, silhouette = 0.43905869126319885," loss:total:0.10546, L1_reconstruction:0.05165, L2_kmeans:0.03817, L3_trace_logged:0.03817, L4_greedy:0.01564, L4_selected_direction:0.01382, L4_nonselected_snapshot_anchor:0.00182, L4_selected_fraction:0.88352, L4_anchor_fraction:0.11648", n_changed_assignment:57," cluster_sizes:[336, 191, 668, 151, 453]", greedy_eigen_direction:largest, greedy_eigen_index:4, greedy_eigenvalue:25.647903442382812, greedy_target_mode:frozen_snapshot, kmeans_n_init:100, kmeans_refresh_policy:one_epoch, batches_per_epoch:8, refinement_epoch:4, step9_metric_scope:full_dataset_after_epoch, step9_loss_scope:epoch_mean, step9_loss_batches:8, step9_loss_samples:1799, time:46.387
phase:paper_step4_to_7_common_refine_epoch_4, space:H_fused_latent, silhouette = 0.44596874713897705, loss:0.04234, n_changed_assignment:85," cluster_sizes:[285, 146, 189, 443, 736]", greedy_eigen_direction:largest, greedy_eigen_index:4, greedy_eigenvalue:17.081396102905273, greedy_target_mode:frozen_snapshot, kmeans_n_init:100, kmeans_refresh_policy:one_epoch, batches_per_epoch:8, time:46.997
phase:paper_step8_greedy_target_Yprime_refine_epoch_4, space:Y_greedy_target, silhouette = 0.5464926362037659, loss:0.04234, n_changed_assignment:85," cluster_sizes:[285, 146, 189, 443, 736]", greedy_eigen_direction:largest, greedy_eigen_index:4, greedy_eigenvalue:17.081396102905273, greedy_target_mode:frozen_snapshot, kmeans_n_init:100, kmeans_refresh_policy:one_epoch, batches_per_epoch:8, time:47.110
phase:paper_step9_after_full_epoch_5, space:H_fused_latent_same_labels, silhouette = 0.4612247347831726," loss:total:0.06969, L1_reconstruction:0.03484, L2_kmeans:0.02494, L3_trace_logged:0.02494, L4_greedy:0.00991, L4_selected_direction:0.00849, L4_nonselected_snapshot_anchor:0.00142, L4_selected_fraction:0.85686, L4_anchor_fraction:0.14314", n_changed_assignment:85," cluster_sizes:[285, 146, 189, 443, 736]", greedy_eigen_direction:largest, greedy_eigen_index:4, greedy_eigenvalue:17.081396102905273, greedy_target_mode:frozen_snapshot, kmeans_n_init:100, kmeans_refresh_policy:one_epoch, batches_per_epoch:8, refinement_epoch:5, step9_metric_scope:full_dataset_after_epoch, step9_loss_scope:epoch_mean, step9_loss_batches:8, step9_loss_samples:1799, time:50.678
phase:paper_step4_to_7_common_refine_epoch_5, space:H_fused_latent, silhouette = 0.46314793825149536, loss:0.02926, n_changed_assignment:44," cluster_sizes:[739, 135, 187, 445, 293]", greedy_eigen_direction:largest, greedy_eigen_index:4, greedy_eigenvalue:11.330857276916504, greedy_target_mode:frozen_snapshot, kmeans_n_init:100, kmeans_refresh_policy:one_epoch, batches_per_epoch:8, time:51.063
phase:paper_step8_greedy_target_Yprime_refine_epoch_5, space:Y_greedy_target, silhouette = 0.5598266124725342, loss:0.02926, n_changed_assignment:44," cluster_sizes:[739, 135, 187, 445, 293]", greedy_eigen_direction:largest, greedy_eigen_index:4, greedy_eigenvalue:11.330857276916504, greedy_target_mode:frozen_snapshot, kmeans_n_init:100, kmeans_refresh_policy:one_epoch, batches_per_epoch:8, time:51.109
phase:paper_step9_after_full_epoch_6, space:H_fused_latent_same_labels, silhouette = 0.48059603571891785," loss:total:0.04409, L1_reconstruction:0.02016, L2_kmeans:0.01734, L3_trace_logged:0.01734, L4_greedy:0.00659, L4_selected_direction:0.00581, L4_nonselected_snapshot_anchor:0.00078, L4_selected_fraction:0.88211, L4_anchor_fraction:0.11789", n_changed_assignment:44," cluster_sizes:[739, 135, 187, 445, 293]", greedy_eigen_direction:largest, greedy_eigen_index:4, greedy_eigenvalue:11.330857276916504, greedy_target_mode:frozen_snapshot, kmeans_n_init:100, kmeans_refresh_policy:one_epoch, batches_per_epoch:8, refinement_epoch:6, step9_metric_scope:full_dataset_after_epoch, step9_loss_scope:epoch_mean, step9_loss_batches:8, step9_loss_samples:1799, time:53.977
phase:paper_step4_to_7_common_refine_epoch_6, space:H_fused_latent, silhouette = 0.4812414050102234, loss:0.01778, n_changed_assignment:26," cluster_sizes:[747, 181, 295, 132, 444]", greedy_eigen_direction:largest, greedy_eigen_index:4, greedy_eigenvalue:8.53570556640625, greedy_target_mode:frozen_snapshot, kmeans_n_init:100, kmeans_refresh_policy:one_epoch, batches_per_epoch:8, time:54.340
phase:paper_step8_greedy_target_Yprime_refine_epoch_6, space:Y_greedy_target, silhouette = 0.566035807132721, loss:0.01778, n_changed_assignment:26," cluster_sizes:[747, 181, 295, 132, 444]", greedy_eigen_direction:largest, greedy_eigen_index:4, greedy_eigenvalue:8.53570556640625, greedy_target_mode:frozen_snapshot, kmeans_n_init:100, kmeans_refresh_policy:one_epoch, batches_per_epoch:8, time:54.388
phase:paper_step9_after_full_epoch_7, space:H_fused_latent_same_labels, silhouette = 0.48620134592056274," loss:total:0.03434, L1_reconstruction:0.01551, L2_kmeans:0.01378, L3_trace_logged:0.01378, L4_greedy:0.00505, L4_selected_direction:0.00456, L4_nonselected_snapshot_anchor:0.00050, L4_selected_fraction:0.90168, L4_anchor_fraction:0.09832", n_changed_assignment:26," cluster_sizes:[747, 181, 295, 132, 444]", greedy_eigen_direction:largest, greedy_eigen_index:4, greedy_eigenvalue:8.53570556640625, greedy_target_mode:frozen_snapshot, kmeans_n_init:100, kmeans_refresh_policy:one_epoch, batches_per_epoch:8, refinement_epoch:7, step9_metric_scope:full_dataset_after_epoch, step9_loss_scope:epoch_mean, step9_loss_batches:8, step9_loss_samples:1799, time:57.193
phase:paper_step4_to_7_common_refine_epoch_7, space:H_fused_latent, silhouette = 0.49149975180625916, loss:0.01079, n_changed_assignment:38," cluster_sizes:[272, 179, 777, 133, 438]", greedy_eigen_direction:largest, greedy_eigen_index:4, greedy_eigenvalue:6.734359264373779, greedy_target_mode:frozen_snapshot, kmeans_n_init:100, kmeans_refresh_policy:one_epoch, batches_per_epoch:8, time:57.570
phase:paper_step8_greedy_target_Yprime_refine_epoch_7, space:Y_greedy_target, silhouette = 0.5680353045463562, loss:0.01079, n_changed_assignment:38," cluster_sizes:[272, 179, 777, 133, 438]", greedy_eigen_direction:largest, greedy_eigen_index:4, greedy_eigenvalue:6.734359264373779, greedy_target_mode:frozen_snapshot, kmeans_n_init:100, kmeans_refresh_policy:one_epoch, batches_per_epoch:8, time:57.619
phase:paper_step9_after_full_epoch_8, space:H_fused_latent_same_labels, silhouette = 0.49652984738349915," loss:total:0.02572, L1_reconstruction:0.01135, L2_kmeans:0.01042, L3_trace_logged:0.01042, L4_greedy:0.00396, L4_selected_direction:0.00356, L4_nonselected_snapshot_anchor:0.00040, L4_selected_fraction:0.89877, L4_anchor_fraction:0.10123", n_changed_assignment:38," cluster_sizes:[272, 179, 777, 133, 438]", greedy_eigen_direction:largest, greedy_eigen_index:4, greedy_eigenvalue:6.734359264373779, greedy_target_mode:frozen_snapshot, kmeans_n_init:100, kmeans_refresh_policy:one_epoch, batches_per_epoch:8, refinement_epoch:8, step9_metric_scope:full_dataset_after_epoch, step9_loss_scope:epoch_mean, step9_loss_batches:8, step9_loss_samples:1799, time:60.748
phase:paper_step4_to_7_common_refine_epoch_8, space:H_fused_latent, silhouette = 0.49741148948669434, loss:0.0081, n_changed_assignment:34," cluster_sizes:[266, 175, 456, 764, 138]", greedy_eigen_direction:largest, greedy_eigen_index:4, greedy_eigenvalue:4.977229118347168, greedy_target_mode:frozen_snapshot, kmeans_n_init:100, kmeans_refresh_policy:one_epoch, batches_per_epoch:8, time:61.342
phase:paper_step8_greedy_target_Yprime_refine_epoch_8, space:Y_greedy_target, silhouette = 0.5815739035606384, loss:0.0081, n_changed_assignment:34," cluster_sizes:[266, 175, 456, 764, 138]", greedy_eigen_direction:largest, greedy_eigen_index:4, greedy_eigenvalue:4.977229118347168, greedy_target_mode:frozen_snapshot, kmeans_n_init:100, kmeans_refresh_policy:one_epoch, batches_per_epoch:8, time:61.433
phase:paper_step9_after_full_epoch_9, space:H_fused_latent_same_labels, silhouette = 0.5080354809761047," loss:total:0.02023, L1_reconstruction:0.00954, L2_kmeans:0.00772, L3_trace_logged:0.00772, L4_greedy:0.00296, L4_selected_direction:0.00269, L4_nonselected_snapshot_anchor:0.00027, L4_selected_fraction:0.90844, L4_anchor_fraction:0.09156", n_changed_assignment:34," cluster_sizes:[266, 175, 456, 764, 138]", greedy_eigen_direction:largest, greedy_eigen_index:4, greedy_eigenvalue:4.977229118347168, greedy_target_mode:frozen_snapshot, kmeans_n_init:100, kmeans_refresh_policy:one_epoch, batches_per_epoch:8, refinement_epoch:9, step9_metric_scope:full_dataset_after_epoch, step9_loss_scope:epoch_mean, step9_loss_batches:8, step9_loss_samples:1799, time:64.863
phase:paper_step4_to_7_common_refine_epoch_9, space:H_fused_latent, silhouette = 0.5087131857872009, loss:0.00622, n_changed_assignment:19," cluster_sizes:[750, 174, 138, 267, 470]", greedy_eigen_direction:largest, greedy_eigen_index:4, greedy_eigenvalue:4.137590408325195, greedy_target_mode:frozen_snapshot, kmeans_n_init:100, kmeans_refresh_policy:one_epoch, batches_per_epoch:8, time:65.244
phase:paper_step8_greedy_target_Yprime_refine_epoch_9, space:Y_greedy_target, silhouette = 0.5917061567306519, loss:0.00622, n_changed_assignment:19," cluster_sizes:[750, 174, 138, 267, 470]", greedy_eigen_direction:largest, greedy_eigen_index:4, greedy_eigenvalue:4.137590408325195, greedy_target_mode:frozen_snapshot, kmeans_n_init:100, kmeans_refresh_policy:one_epoch, batches_per_epoch:8, time:65.292
phase:paper_step9_after_full_epoch_10, space:H_fused_latent_same_labels, silhouette = 0.5177384614944458," loss:total:0.01736, L1_reconstruction:0.00887, L2_kmeans:0.00605, L3_trace_logged:0.00605, L4_greedy:0.00245, L4_selected_direction:0.00220, L4_nonselected_snapshot_anchor:0.00025, L4_selected_fraction:0.89842, L4_anchor_fraction:0.10158", n_changed_assignment:19," cluster_sizes:[750, 174, 138, 267, 470]", greedy_eigen_direction:largest, greedy_eigen_index:4, greedy_eigenvalue:4.137590408325195, greedy_target_mode:frozen_snapshot, kmeans_n_init:100, kmeans_refresh_policy:one_epoch, batches_per_epoch:8, refinement_epoch:10, step9_metric_scope:full_dataset_after_epoch, step9_loss_scope:epoch_mean, step9_loss_batches:8, step9_loss_samples:1799, time:68.096
phase:paper_step4_to_7_common_refine_epoch_10, space:H_fused_latent, silhouette = 0.5184797644615173, loss:0.00489, n_changed_assignment:40," cluster_sizes:[268, 464, 161, 748, 158]", greedy_eigen_direction:largest, greedy_eigen_index:4, greedy_eigenvalue:3.2503163814544678, greedy_target_mode:frozen_snapshot, kmeans_n_init:100, kmeans_refresh_policy:one_epoch, batches_per_epoch:8, time:68.491
phase:paper_step8_greedy_target_Yprime_refine_epoch_10, space:Y_greedy_target, silhouette = 0.584350049495697, loss:0.00489, n_changed_assignment:40," cluster_sizes:[268, 464, 161, 748, 158]", greedy_eigen_direction:largest, greedy_eigen_index:4, greedy_eigenvalue:3.2503163814544678, greedy_target_mode:frozen_snapshot, kmeans_n_init:100, kmeans_refresh_policy:one_epoch, batches_per_epoch:8, time:68.540
phase:paper_step9_after_full_epoch_11, space:H_fused_latent_same_labels, silhouette = 0.5326509475708008," loss:total:0.01510, L1_reconstruction:0.00812, L2_kmeans:0.00509, L3_trace_logged:0.00509, L4_greedy:0.00188, L4_selected_direction:0.00157, L4_nonselected_snapshot_anchor:0.00031, L4_selected_fraction:0.83347, L4_anchor_fraction:0.16653", n_changed_assignment:40," cluster_sizes:[268, 464, 161, 748, 158]", greedy_eigen_direction:largest, greedy_eigen_index:4, greedy_eigenvalue:3.2503163814544678, greedy_target_mode:frozen_snapshot, kmeans_n_init:100, kmeans_refresh_policy:one_epoch, batches_per_epoch:8, refinement_epoch:11, step9_metric_scope:full_dataset_after_epoch, step9_loss_scope:epoch_mean, step9_loss_batches:8, step9_loss_samples:1799, time:71.308
phase:paper_step4_to_7_common_refine_epoch_11, space:H_fused_latent, silhouette = 0.5362256169319153, loss:0.0041, n_changed_assignment:32," cluster_sizes:[264, 158, 479, 740, 158]", greedy_eigen_direction:largest, greedy_eigen_index:4, greedy_eigenvalue:2.579841375350952, greedy_target_mode:frozen_snapshot, kmeans_n_init:100, kmeans_refresh_policy:one_epoch, batches_per_epoch:8, time:71.699
phase:paper_step8_greedy_target_Yprime_refine_epoch_11, space:Y_greedy_target, silhouette = 0.6214414238929749, loss:0.0041, n_changed_assignment:32," cluster_sizes:[264, 158, 479, 740, 158]", greedy_eigen_direction:largest, greedy_eigen_index:4, greedy_eigenvalue:2.579841375350952, greedy_target_mode:frozen_snapshot, kmeans_n_init:100, kmeans_refresh_policy:one_epoch, batches_per_epoch:8, time:71.749
phase:paper_step9_after_full_epoch_12, space:H_fused_latent_same_labels, silhouette = 0.5401301383972168," loss:total:0.01321, L1_reconstruction:0.00743, L2_kmeans:0.00398, L3_trace_logged:0.00398, L4_greedy:0.00180, L4_selected_direction:0.00148, L4_nonselected_snapshot_anchor:0.00032, L4_selected_fraction:0.82190, L4_anchor_fraction:0.17810", n_changed_assignment:32," cluster_sizes:[264, 158, 479, 740, 158]", greedy_eigen_direction:largest, greedy_eigen_index:4, greedy_eigenvalue:2.579841375350952, greedy_target_mode:frozen_snapshot, kmeans_n_init:100, kmeans_refresh_policy:one_epoch, batches_per_epoch:8, refinement_epoch:12, step9_metric_scope:full_dataset_after_epoch, step9_loss_scope:epoch_mean, step9_loss_batches:8, step9_loss_samples:1799, time:74.977
phase:paper_step4_to_7_common_refine_epoch_12, space:H_fused_latent, silhouette = 0.5418345928192139, loss:0.00351, n_changed_assignment:29," cluster_sizes:[737, 157, 492, 148, 265]", greedy_eigen_direction:largest, greedy_eigen_index:4, greedy_eigenvalue:2.438389778137207, greedy_target_mode:frozen_snapshot, kmeans_n_init:100, kmeans_refresh_policy:one_epoch, batches_per_epoch:8, time:75.524
phase:paper_step8_greedy_target_Yprime_refine_epoch_12, space:Y_greedy_target, silhouette = 0.632849931716919, loss:0.00351, n_changed_assignment:29," cluster_sizes:[737, 157, 492, 148, 265]", greedy_eigen_direction:largest, greedy_eigen_index:4, greedy_eigenvalue:2.438389778137207, greedy_target_mode:frozen_snapshot, kmeans_n_init:100, kmeans_refresh_policy:one_epoch, batches_per_epoch:8, time:75.582
phase:paper_step9_after_full_epoch_13, space:H_fused_latent_same_labels, silhouette = 0.5481756329536438," loss:total:0.01190, L1_reconstruction:0.00701, L2_kmeans:0.00336, L3_trace_logged:0.00336, L4_greedy:0.00152, L4_selected_direction:0.00136, L4_nonselected_snapshot_anchor:0.00017, L4_selected_fraction:0.89074, L4_anchor_fraction:0.10926", n_changed_assignment:29," cluster_sizes:[737, 157, 492, 148, 265]", greedy_eigen_direction:largest, greedy_eigen_index:4, greedy_eigenvalue:2.438389778137207, greedy_target_mode:frozen_snapshot, kmeans_n_init:100, kmeans_refresh_policy:one_epoch, batches_per_epoch:8, refinement_epoch:13, step9_metric_scope:full_dataset_after_epoch, step9_loss_scope:epoch_mean, step9_loss_batches:8, step9_loss_samples:1799, time:79.004
phase:paper_step4_to_7_common_refine_epoch_13, space:H_fused_latent, silhouette = 0.5495486855506897, loss:0.00296, n_changed_assignment:20," cluster_sizes:[267, 734, 157, 143, 498]", greedy_eigen_direction:largest, greedy_eigen_index:4, greedy_eigenvalue:2.147458791732788, greedy_target_mode:frozen_snapshot, kmeans_n_init:100, kmeans_refresh_policy:one_epoch, batches_per_epoch:8, time:79.379
phase:paper_step8_greedy_target_Yprime_refine_epoch_13, space:Y_greedy_target, silhouette = 0.6471695899963379, loss:0.00296, n_changed_assignment:20," cluster_sizes:[267, 734, 157, 143, 498]", greedy_eigen_direction:largest, greedy_eigen_index:4, greedy_eigenvalue:2.147458791732788, greedy_target_mode:frozen_snapshot, kmeans_n_init:100, kmeans_refresh_policy:one_epoch, batches_per_epoch:8, time:79.428
phase:paper_step9_after_full_epoch_14, space:H_fused_latent_same_labels, silhouette = 0.5579115748405457," loss:total:0.01084, L1_reconstruction:0.00674, L2_kmeans:0.00278, L3_trace_logged:0.00278, L4_greedy:0.00132, L4_selected_direction:0.00119, L4_nonselected_snapshot_anchor:0.00013, L4_selected_fraction:0.90248, L4_anchor_fraction:0.09752", n_changed_assignment:20," cluster_sizes:[267, 734, 157, 143, 498]", greedy_eigen_direction:largest, greedy_eigen_index:4, greedy_eigenvalue:2.147458791732788, greedy_target_mode:frozen_snapshot, kmeans_n_init:100, kmeans_refresh_policy:one_epoch, batches_per_epoch:8, refinement_epoch:14, step9_metric_scope:full_dataset_after_epoch, step9_loss_scope:epoch_mean, step9_loss_batches:8, step9_loss_samples:1799, time:82.273
phase:paper_step4_to_7_common_refine_epoch_14, space:H_fused_latent, silhouette = 0.560199499130249, loss:0.00284, n_changed_assignment:14," cluster_sizes:[262, 156, 502, 145, 734]", greedy_eigen_direction:largest, greedy_eigen_index:4, greedy_eigenvalue:1.9272652864456177, greedy_target_mode:frozen_snapshot, kmeans_n_init:100, kmeans_refresh_policy:one_epoch, batches_per_epoch:8, time:82.683
phase:paper_step8_greedy_target_Yprime_refine_epoch_14, space:Y_greedy_target, silhouette = 0.6641234159469604, loss:0.00284, n_changed_assignment:14," cluster_sizes:[262, 156, 502, 145, 734]", greedy_eigen_direction:largest, greedy_eigen_index:4, greedy_eigenvalue:1.9272652864456177, greedy_target_mode:frozen_snapshot, kmeans_n_init:100, kmeans_refresh_policy:one_epoch, batches_per_epoch:8, time:82.731
phase:training_stop, stop_reason:converged_assignment, refinement_epochs_completed:14, max_refinement_epochs:1400, time:82.852
phase:final_recomputed_artifact, space:H_fused_latent, silhouette = 0.560199499130249, loss:0.01084, n_changed_assignment:0," cluster_sizes:[262, 156, 502, 145, 734]", greedy_eigen_direction:largest, greedy_eigen_index:4, greedy_target_mode:frozen_snapshot, kmeans_refresh_policy:one_epoch, batches_per_epoch:8, stop_reason:converged_assignment, refinement_epochs_completed:14, max_refinement_epochs:1400, loss_scope:last_completed_epoch_mean, time:83.211
run 3/3, seed:44, greedy_eigen_direction:largest, greedy_target_mode:frozen_snapshot, silhouette:0.560199499130249, time:83.234
average over 3 runs, silhouette:0.51893, greedy_eigen_direction:largest, greedy_target_mode:frozen_snapshot, time:248.465
