phase, space, metric, silhouette_input_space, loss, n_changed_assignment, cluster_sizes, greedy_eigen_direction, greedy_eigen_index, greedy_eigenvalue, greedy_target_mode, time:2026-07-27 09:04:12
phase:baseline_raw_input, space:x, external_metrics = deferred_to_final, loss:0.0, n_changed_assignment:10000," cluster_sizes:[2818, 6282, 292, 608]", time:227.676
phase:paper_step4_to_7_common_pre_refine, space:H_fused_latent, external_metrics = deferred_to_final, loss:0.0, n_changed_assignment:10000," cluster_sizes:[2855, 2230, 3577, 1338]", greedy_eigen_direction:largest, greedy_eigen_index:9, greedy_eigenvalue:597.35205078125, greedy_target_mode:frozen_snapshot, kmeans_n_init:100, kmeans_refresh_policy:fixed_10_updates, refinement_batching_policy:sequential_release_order, batches_per_epoch:40, lambda_kmeans:0.0, lambda_greedy:1.0, next_kmeans_n_init:34, time:229.044
phase:paper_step8_greedy_target_Yprime_pre_refine, space:Y_greedy_target, external_metrics = deferred_to_final, loss:0.0, n_changed_assignment:10000," cluster_sizes:[2855, 2230, 3577, 1338]", greedy_eigen_direction:largest, greedy_eigen_index:9, greedy_eigenvalue:597.35205078125, greedy_target_mode:frozen_snapshot, kmeans_n_init:100, kmeans_refresh_policy:fixed_10_updates, refinement_batching_policy:sequential_release_order, batches_per_epoch:40, lambda_kmeans:0.0, lambda_greedy:1.0, next_kmeans_n_init:34, time:229.044
phase:paper_step9_after_release_update_window_1, space:H_fused_latent_same_labels, external_metrics = deferred_to_final," loss:total:0.00429, L1_reconstruction:0.00080, L2_kmeans:0.00000, L3_trace_logged:0.00000, L4_greedy:0.00349, L4_selected_direction:0.00158, L4_nonselected_snapshot_anchor:0.00191, L4_selected_fraction:0.45187, L4_anchor_fraction:0.54813", n_changed_assignment:10000," cluster_sizes:[2855, 2230, 3577, 1338]", greedy_eigen_direction:largest, greedy_eigen_index:9, greedy_eigenvalue:597.35205078125, greedy_target_mode:frozen_snapshot, kmeans_n_init:100, kmeans_refresh_policy:fixed_10_updates, refinement_batching_policy:sequential_release_order, batches_per_epoch:40, lambda_kmeans:0.0, lambda_greedy:1.0, next_kmeans_n_init:34, refinement_epoch:1, step9_metric_scope:full_dataset_after_release_update_window, step9_loss_scope:release_update_window_mean, step9_loss_batches:10, step9_loss_samples:2560, time:233.478
phase:paper_step4_to_7_common_refine_checkpoint_1, space:H_fused_latent, external_metrics = deferred_to_final, loss:0.00167, n_changed_assignment:425," cluster_sizes:[2771, 2222, 1333, 3674]", greedy_eigen_direction:largest, greedy_eigen_index:9, greedy_eigenvalue:595.7846069335938, greedy_target_mode:frozen_snapshot, kmeans_n_init:34, kmeans_refresh_policy:fixed_10_updates, refinement_batching_policy:sequential_release_order, batches_per_epoch:40, lambda_kmeans:0.0, lambda_greedy:1.0, next_kmeans_n_init:70, time:234.192
phase:paper_step8_greedy_target_Yprime_refine_checkpoint_1, space:Y_greedy_target, external_metrics = deferred_to_final, loss:0.00167, n_changed_assignment:425," cluster_sizes:[2771, 2222, 1333, 3674]", greedy_eigen_direction:largest, greedy_eigen_index:9, greedy_eigenvalue:595.7846069335938, greedy_target_mode:frozen_snapshot, kmeans_n_init:34, kmeans_refresh_policy:fixed_10_updates, refinement_batching_policy:sequential_release_order, batches_per_epoch:40, lambda_kmeans:0.0, lambda_greedy:1.0, next_kmeans_n_init:70, time:234.193
phase:paper_step9_after_release_update_window_2, space:H_fused_latent_same_labels, external_metrics = deferred_to_final," loss:total:0.00332, L1_reconstruction:0.00081, L2_kmeans:0.00000, L3_trace_logged:0.00000, L4_greedy:0.00251, L4_selected_direction:0.00200, L4_nonselected_snapshot_anchor:0.00051, L4_selected_fraction:0.79500, L4_anchor_fraction:0.20500", n_changed_assignment:425," cluster_sizes:[2771, 2222, 1333, 3674]", greedy_eigen_direction:largest, greedy_eigen_index:9, greedy_eigenvalue:595.7846069335938, greedy_target_mode:frozen_snapshot, kmeans_n_init:34, kmeans_refresh_policy:fixed_10_updates, refinement_batching_policy:sequential_release_order, batches_per_epoch:40, lambda_kmeans:0.0, lambda_greedy:1.0, next_kmeans_n_init:70, refinement_epoch:2, step9_metric_scope:full_dataset_after_release_update_window, step9_loss_scope:release_update_window_mean, step9_loss_batches:10, step9_loss_samples:2560, time:238.041
phase:paper_step4_to_7_common_refine_checkpoint_2, space:H_fused_latent, external_metrics = deferred_to_final, loss:0.00142, n_changed_assignment:338," cluster_sizes:[2198, 2761, 1263, 3778]", greedy_eigen_direction:largest, greedy_eigen_index:9, greedy_eigenvalue:594.505126953125, greedy_target_mode:frozen_snapshot, kmeans_n_init:70, kmeans_refresh_policy:fixed_10_updates, refinement_batching_policy:sequential_release_order, batches_per_epoch:40, lambda_kmeans:0.0, lambda_greedy:1.0, next_kmeans_n_init:34, time:238.981
phase:paper_step8_greedy_target_Yprime_refine_checkpoint_2, space:Y_greedy_target, external_metrics = deferred_to_final, loss:0.00142, n_changed_assignment:338," cluster_sizes:[2198, 2761, 1263, 3778]", greedy_eigen_direction:largest, greedy_eigen_index:9, greedy_eigenvalue:594.505126953125, greedy_target_mode:frozen_snapshot, kmeans_n_init:70, kmeans_refresh_policy:fixed_10_updates, refinement_batching_policy:sequential_release_order, batches_per_epoch:40, lambda_kmeans:0.0, lambda_greedy:1.0, next_kmeans_n_init:34, time:238.981
phase:paper_step9_after_release_update_window_3, space:H_fused_latent_same_labels, external_metrics = deferred_to_final," loss:total:0.00300, L1_reconstruction:0.00081, L2_kmeans:0.00000, L3_trace_logged:0.00000, L4_greedy:0.00219, L4_selected_direction:0.00197, L4_nonselected_snapshot_anchor:0.00022, L4_selected_fraction:0.89988, L4_anchor_fraction:0.10012", n_changed_assignment:338," cluster_sizes:[2198, 2761, 1263, 3778]", greedy_eigen_direction:largest, greedy_eigen_index:9, greedy_eigenvalue:594.505126953125, greedy_target_mode:frozen_snapshot, kmeans_n_init:70, kmeans_refresh_policy:fixed_10_updates, refinement_batching_policy:sequential_release_order, batches_per_epoch:40, lambda_kmeans:0.0, lambda_greedy:1.0, next_kmeans_n_init:34, refinement_epoch:3, step9_metric_scope:full_dataset_after_release_update_window, step9_loss_scope:release_update_window_mean, step9_loss_batches:10, step9_loss_samples:2560, time:242.781
phase:paper_step4_to_7_common_refine_checkpoint_3, space:H_fused_latent, external_metrics = deferred_to_final, loss:0.00128, n_changed_assignment:264," cluster_sizes:[1298, 3827, 2161, 2714]", greedy_eigen_direction:largest, greedy_eigen_index:9, greedy_eigenvalue:499.4870300292969, greedy_target_mode:frozen_snapshot, kmeans_n_init:34, kmeans_refresh_policy:fixed_10_updates, refinement_batching_policy:sequential_release_order, batches_per_epoch:40, lambda_kmeans:0.0, lambda_greedy:1.0, next_kmeans_n_init:18, time:243.455
phase:paper_step8_greedy_target_Yprime_refine_checkpoint_3, space:Y_greedy_target, external_metrics = deferred_to_final, loss:0.00128, n_changed_assignment:264," cluster_sizes:[1298, 3827, 2161, 2714]", greedy_eigen_direction:largest, greedy_eigen_index:9, greedy_eigenvalue:499.4870300292969, greedy_target_mode:frozen_snapshot, kmeans_n_init:34, kmeans_refresh_policy:fixed_10_updates, refinement_batching_policy:sequential_release_order, batches_per_epoch:40, lambda_kmeans:0.0, lambda_greedy:1.0, next_kmeans_n_init:18, time:243.455
phase:paper_step9_after_release_update_window_4, space:H_fused_latent_same_labels, external_metrics = deferred_to_final," loss:total:0.00282, L1_reconstruction:0.00082, L2_kmeans:0.00000, L3_trace_logged:0.00000, L4_greedy:0.00200, L4_selected_direction:0.00186, L4_nonselected_snapshot_anchor:0.00014, L4_selected_fraction:0.93162, L4_anchor_fraction:0.06838", n_changed_assignment:264," cluster_sizes:[1298, 3827, 2161, 2714]", greedy_eigen_direction:largest, greedy_eigen_index:9, greedy_eigenvalue:499.4870300292969, greedy_target_mode:frozen_snapshot, kmeans_n_init:34, kmeans_refresh_policy:fixed_10_updates, refinement_batching_policy:sequential_release_order, batches_per_epoch:40, lambda_kmeans:0.0, lambda_greedy:1.0, next_kmeans_n_init:18, refinement_epoch:4, step9_metric_scope:full_dataset_after_release_update_window, step9_loss_scope:release_update_window_mean, step9_loss_batches:10, step9_loss_samples:2320, time:247.321
phase:paper_step4_to_7_common_refine_checkpoint_4, space:H_fused_latent, external_metrics = deferred_to_final, loss:0.00122, n_changed_assignment:264," cluster_sizes:[1293, 2601, 2177, 3929]", greedy_eigen_direction:largest, greedy_eigen_index:9, greedy_eigenvalue:441.9249572753906, greedy_target_mode:frozen_snapshot, kmeans_n_init:18, kmeans_refresh_policy:fixed_10_updates, refinement_batching_policy:sequential_release_order, batches_per_epoch:40, lambda_kmeans:0.0, lambda_greedy:1.0, next_kmeans_n_init:18, time:247.901
phase:paper_step8_greedy_target_Yprime_refine_checkpoint_4, space:Y_greedy_target, external_metrics = deferred_to_final, loss:0.00122, n_changed_assignment:264," cluster_sizes:[1293, 2601, 2177, 3929]", greedy_eigen_direction:largest, greedy_eigen_index:9, greedy_eigenvalue:441.9249572753906, greedy_target_mode:frozen_snapshot, kmeans_n_init:18, kmeans_refresh_policy:fixed_10_updates, refinement_batching_policy:sequential_release_order, batches_per_epoch:40, lambda_kmeans:0.0, lambda_greedy:1.0, next_kmeans_n_init:18, time:247.901
phase:paper_step9_after_release_update_window_5, space:H_fused_latent_same_labels, external_metrics = deferred_to_final," loss:total:0.00245, L1_reconstruction:0.00083, L2_kmeans:0.00000, L3_trace_logged:0.00000, L4_greedy:0.00162, L4_selected_direction:0.00151, L4_nonselected_snapshot_anchor:0.00012, L4_selected_fraction:0.92909, L4_anchor_fraction:0.07091", n_changed_assignment:264," cluster_sizes:[1293, 2601, 2177, 3929]", greedy_eigen_direction:largest, greedy_eigen_index:9, greedy_eigenvalue:441.9249572753906, greedy_target_mode:frozen_snapshot, kmeans_n_init:18, kmeans_refresh_policy:fixed_10_updates, refinement_batching_policy:sequential_release_order, batches_per_epoch:40, lambda_kmeans:0.0, lambda_greedy:1.0, next_kmeans_n_init:18, refinement_epoch:5, step9_metric_scope:full_dataset_after_release_update_window, step9_loss_scope:release_update_window_mean, step9_loss_batches:10, step9_loss_samples:2560, time:251.661
phase:paper_step4_to_7_common_refine_checkpoint_5, space:H_fused_latent, external_metrics = deferred_to_final, loss:0.00109, n_changed_assignment:201," cluster_sizes:[2136, 2605, 3914, 1345]", greedy_eigen_direction:largest, greedy_eigen_index:9, greedy_eigenvalue:405.7043762207031, greedy_target_mode:frozen_snapshot, kmeans_n_init:18, kmeans_refresh_policy:fixed_10_updates, refinement_batching_policy:sequential_release_order, batches_per_epoch:40, lambda_kmeans:0.0, lambda_greedy:1.0, next_kmeans_n_init:12, time:252.226
phase:paper_step8_greedy_target_Yprime_refine_checkpoint_5, space:Y_greedy_target, external_metrics = deferred_to_final, loss:0.00109, n_changed_assignment:201," cluster_sizes:[2136, 2605, 3914, 1345]", greedy_eigen_direction:largest, greedy_eigen_index:9, greedy_eigenvalue:405.7043762207031, greedy_target_mode:frozen_snapshot, kmeans_n_init:18, kmeans_refresh_policy:fixed_10_updates, refinement_batching_policy:sequential_release_order, batches_per_epoch:40, lambda_kmeans:0.0, lambda_greedy:1.0, next_kmeans_n_init:12, time:252.226
phase:paper_step9_after_release_update_window_6, space:H_fused_latent_same_labels, external_metrics = deferred_to_final," loss:total:0.00236, L1_reconstruction:0.00084, L2_kmeans:0.00000, L3_trace_logged:0.00000, L4_greedy:0.00152, L4_selected_direction:0.00143, L4_nonselected_snapshot_anchor:0.00009, L4_selected_fraction:0.94187, L4_anchor_fraction:0.05813", n_changed_assignment:201," cluster_sizes:[2136, 2605, 3914, 1345]", greedy_eigen_direction:largest, greedy_eigen_index:9, greedy_eigenvalue:405.7043762207031, greedy_target_mode:frozen_snapshot, kmeans_n_init:18, kmeans_refresh_policy:fixed_10_updates, refinement_batching_policy:sequential_release_order, batches_per_epoch:40, lambda_kmeans:0.0, lambda_greedy:1.0, next_kmeans_n_init:12, refinement_epoch:6, step9_metric_scope:full_dataset_after_release_update_window, step9_loss_scope:release_update_window_mean, step9_loss_batches:10, step9_loss_samples:2560, time:256.069
phase:paper_step4_to_7_common_refine_checkpoint_6, space:H_fused_latent, external_metrics = deferred_to_final, loss:0.00109, n_changed_assignment:184," cluster_sizes:[2131, 3949, 1319, 2601]", greedy_eigen_direction:largest, greedy_eigen_index:9, greedy_eigenvalue:262.32806396484375, greedy_target_mode:frozen_snapshot, kmeans_n_init:12, kmeans_refresh_policy:fixed_10_updates, refinement_batching_policy:sequential_release_order, batches_per_epoch:40, lambda_kmeans:0.0, lambda_greedy:1.0, next_kmeans_n_init:16, time:256.611
phase:paper_step8_greedy_target_Yprime_refine_checkpoint_6, space:Y_greedy_target, external_metrics = deferred_to_final, loss:0.00109, n_changed_assignment:184," cluster_sizes:[2131, 3949, 1319, 2601]", greedy_eigen_direction:largest, greedy_eigen_index:9, greedy_eigenvalue:262.32806396484375, greedy_target_mode:frozen_snapshot, kmeans_n_init:12, kmeans_refresh_policy:fixed_10_updates, refinement_batching_policy:sequential_release_order, batches_per_epoch:40, lambda_kmeans:0.0, lambda_greedy:1.0, next_kmeans_n_init:16, time:256.611
phase:paper_step9_after_release_update_window_7, space:H_fused_latent_same_labels, external_metrics = deferred_to_final," loss:total:0.00250, L1_reconstruction:0.00084, L2_kmeans:0.00000, L3_trace_logged:0.00000, L4_greedy:0.00166, L4_selected_direction:0.00161, L4_nonselected_snapshot_anchor:0.00005, L4_selected_fraction:0.96988, L4_anchor_fraction:0.03012", n_changed_assignment:184," cluster_sizes:[2131, 3949, 1319, 2601]", greedy_eigen_direction:largest, greedy_eigen_index:9, greedy_eigenvalue:262.32806396484375, greedy_target_mode:frozen_snapshot, kmeans_n_init:12, kmeans_refresh_policy:fixed_10_updates, refinement_batching_policy:sequential_release_order, batches_per_epoch:40, lambda_kmeans:0.0, lambda_greedy:1.0, next_kmeans_n_init:16, refinement_epoch:7, step9_metric_scope:full_dataset_after_release_update_window, step9_loss_scope:release_update_window_mean, step9_loss_batches:10, step9_loss_samples:2560, time:260.452
phase:paper_step4_to_7_common_refine_checkpoint_7, space:H_fused_latent, external_metrics = deferred_to_final, loss:0.00175, n_changed_assignment:498," cluster_sizes:[4091, 2090, 1150, 2669]", greedy_eigen_direction:largest, greedy_eigen_index:9, greedy_eigenvalue:233.4716033935547, greedy_target_mode:frozen_snapshot, kmeans_n_init:16, kmeans_refresh_policy:fixed_10_updates, refinement_batching_policy:sequential_release_order, batches_per_epoch:40, lambda_kmeans:0.0, lambda_greedy:1.0, next_kmeans_n_init:14, time:261.013
phase:paper_step8_greedy_target_Yprime_refine_checkpoint_7, space:Y_greedy_target, external_metrics = deferred_to_final, loss:0.00175, n_changed_assignment:498," cluster_sizes:[4091, 2090, 1150, 2669]", greedy_eigen_direction:largest, greedy_eigen_index:9, greedy_eigenvalue:233.4716033935547, greedy_target_mode:frozen_snapshot, kmeans_n_init:16, kmeans_refresh_policy:fixed_10_updates, refinement_batching_policy:sequential_release_order, batches_per_epoch:40, lambda_kmeans:0.0, lambda_greedy:1.0, next_kmeans_n_init:14, time:261.013
phase:paper_step9_after_release_update_window_8, space:H_fused_latent_same_labels, external_metrics = deferred_to_final," loss:total:0.00253, L1_reconstruction:0.00084, L2_kmeans:0.00000, L3_trace_logged:0.00000, L4_greedy:0.00168, L4_selected_direction:0.00163, L4_nonselected_snapshot_anchor:0.00006, L4_selected_fraction:0.96571, L4_anchor_fraction:0.03429", n_changed_assignment:498," cluster_sizes:[4091, 2090, 1150, 2669]", greedy_eigen_direction:largest, greedy_eigen_index:9, greedy_eigenvalue:233.4716033935547, greedy_target_mode:frozen_snapshot, kmeans_n_init:16, kmeans_refresh_policy:fixed_10_updates, refinement_batching_policy:sequential_release_order, batches_per_epoch:40, lambda_kmeans:0.0, lambda_greedy:1.0, next_kmeans_n_init:14, refinement_epoch:8, step9_metric_scope:full_dataset_after_release_update_window, step9_loss_scope:release_update_window_mean, step9_loss_batches:10, step9_loss_samples:2320, time:264.878
phase:paper_step4_to_7_common_refine_checkpoint_8, space:H_fused_latent, external_metrics = deferred_to_final, loss:0.00295, n_changed_assignment:388," cluster_sizes:[2064, 2533, 1070, 4333]", greedy_eigen_direction:largest, greedy_eigen_index:9, greedy_eigenvalue:189.14605712890625, greedy_target_mode:frozen_snapshot, kmeans_n_init:14, kmeans_refresh_policy:fixed_10_updates, refinement_batching_policy:sequential_release_order, batches_per_epoch:40, lambda_kmeans:0.0, lambda_greedy:1.0, next_kmeans_n_init:12, time:265.428
phase:paper_step8_greedy_target_Yprime_refine_checkpoint_8, space:Y_greedy_target, external_metrics = deferred_to_final, loss:0.00295, n_changed_assignment:388," cluster_sizes:[2064, 2533, 1070, 4333]", greedy_eigen_direction:largest, greedy_eigen_index:9, greedy_eigenvalue:189.14605712890625, greedy_target_mode:frozen_snapshot, kmeans_n_init:14, kmeans_refresh_policy:fixed_10_updates, refinement_batching_policy:sequential_release_order, batches_per_epoch:40, lambda_kmeans:0.0, lambda_greedy:1.0, next_kmeans_n_init:12, time:265.428
phase:paper_step9_after_release_update_window_9, space:H_fused_latent_same_labels, external_metrics = deferred_to_final," loss:total:0.00232, L1_reconstruction:0.00085, L2_kmeans:0.00000, L3_trace_logged:0.00000, L4_greedy:0.00148, L4_selected_direction:0.00141, L4_nonselected_snapshot_anchor:0.00007, L4_selected_fraction:0.95442, L4_anchor_fraction:0.04558", n_changed_assignment:388," cluster_sizes:[2064, 2533, 1070, 4333]", greedy_eigen_direction:largest, greedy_eigen_index:9, greedy_eigenvalue:189.14605712890625, greedy_target_mode:frozen_snapshot, kmeans_n_init:14, kmeans_refresh_policy:fixed_10_updates, refinement_batching_policy:sequential_release_order, batches_per_epoch:40, lambda_kmeans:0.0, lambda_greedy:1.0, next_kmeans_n_init:12, refinement_epoch:9, step9_metric_scope:full_dataset_after_release_update_window, step9_loss_scope:release_update_window_mean, step9_loss_batches:10, step9_loss_samples:2560, time:269.280
phase:paper_step4_to_7_common_refine_checkpoint_9, space:H_fused_latent, external_metrics = deferred_to_final, loss:0.00193, n_changed_assignment:202," cluster_sizes:[4409, 2033, 2503, 1055]", greedy_eigen_direction:largest, greedy_eigen_index:9, greedy_eigenvalue:104.62852478027344, greedy_target_mode:frozen_snapshot, kmeans_n_init:12, kmeans_refresh_policy:fixed_10_updates, refinement_batching_policy:sequential_release_order, batches_per_epoch:40, lambda_kmeans:0.0, lambda_greedy:1.0, next_kmeans_n_init:12, time:269.810
phase:paper_step8_greedy_target_Yprime_refine_checkpoint_9, space:Y_greedy_target, external_metrics = deferred_to_final, loss:0.00193, n_changed_assignment:202," cluster_sizes:[4409, 2033, 2503, 1055]", greedy_eigen_direction:largest, greedy_eigen_index:9, greedy_eigenvalue:104.62852478027344, greedy_target_mode:frozen_snapshot, kmeans_n_init:12, kmeans_refresh_policy:fixed_10_updates, refinement_batching_policy:sequential_release_order, batches_per_epoch:40, lambda_kmeans:0.0, lambda_greedy:1.0, next_kmeans_n_init:12, time:269.810
phase:paper_step9_after_release_update_window_10, space:H_fused_latent_same_labels, external_metrics = deferred_to_final," loss:total:0.00170, L1_reconstruction:0.00085, L2_kmeans:0.00000, L3_trace_logged:0.00000, L4_greedy:0.00085, L4_selected_direction:0.00080, L4_nonselected_snapshot_anchor:0.00005, L4_selected_fraction:0.94622, L4_anchor_fraction:0.05378", n_changed_assignment:202," cluster_sizes:[4409, 2033, 2503, 1055]", greedy_eigen_direction:largest, greedy_eigen_index:9, greedy_eigenvalue:104.62852478027344, greedy_target_mode:frozen_snapshot, kmeans_n_init:12, kmeans_refresh_policy:fixed_10_updates, refinement_batching_policy:sequential_release_order, batches_per_epoch:40, lambda_kmeans:0.0, lambda_greedy:1.0, next_kmeans_n_init:12, refinement_epoch:10, step9_metric_scope:full_dataset_after_release_update_window, step9_loss_scope:release_update_window_mean, step9_loss_batches:10, step9_loss_samples:2560, time:273.627
phase:paper_step4_to_7_common_refine_checkpoint_10, space:H_fused_latent, external_metrics = deferred_to_final, loss:0.00147, n_changed_assignment:155," cluster_sizes:[2021, 4425, 1082, 2472]", greedy_eigen_direction:largest, greedy_eigen_index:9, greedy_eigenvalue:53.490631103515625, greedy_target_mode:frozen_snapshot, kmeans_n_init:12, kmeans_refresh_policy:fixed_10_updates, refinement_batching_policy:sequential_release_order, batches_per_epoch:40, lambda_kmeans:0.0, lambda_greedy:1.0, next_kmeans_n_init:10, time:274.153
phase:paper_step8_greedy_target_Yprime_refine_checkpoint_10, space:Y_greedy_target, external_metrics = deferred_to_final, loss:0.00147, n_changed_assignment:155," cluster_sizes:[2021, 4425, 1082, 2472]", greedy_eigen_direction:largest, greedy_eigen_index:9, greedy_eigenvalue:53.490631103515625, greedy_target_mode:frozen_snapshot, kmeans_n_init:12, kmeans_refresh_policy:fixed_10_updates, refinement_batching_policy:sequential_release_order, batches_per_epoch:40, lambda_kmeans:0.0, lambda_greedy:1.0, next_kmeans_n_init:10, time:274.153
phase:paper_step9_after_release_update_window_11, space:H_fused_latent_same_labels, external_metrics = deferred_to_final," loss:total:0.00137, L1_reconstruction:0.00085, L2_kmeans:0.00000, L3_trace_logged:0.00000, L4_greedy:0.00052, L4_selected_direction:0.00050, L4_nonselected_snapshot_anchor:0.00002, L4_selected_fraction:0.95334, L4_anchor_fraction:0.04666", n_changed_assignment:155," cluster_sizes:[2021, 4425, 1082, 2472]", greedy_eigen_direction:largest, greedy_eigen_index:9, greedy_eigenvalue:53.490631103515625, greedy_target_mode:frozen_snapshot, kmeans_n_init:12, kmeans_refresh_policy:fixed_10_updates, refinement_batching_policy:sequential_release_order, batches_per_epoch:40, lambda_kmeans:0.0, lambda_greedy:1.0, next_kmeans_n_init:10, refinement_epoch:11, step9_metric_scope:full_dataset_after_release_update_window, step9_loss_scope:release_update_window_mean, step9_loss_batches:10, step9_loss_samples:2560, time:277.934
phase:paper_step4_to_7_common_refine_checkpoint_11, space:H_fused_latent, external_metrics = deferred_to_final, loss:0.00125, n_changed_assignment:60," cluster_sizes:[2017, 4451, 1079, 2453]", greedy_eigen_direction:largest, greedy_eigen_index:9, greedy_eigenvalue:43.08768081665039, greedy_target_mode:frozen_snapshot, kmeans_n_init:10, kmeans_refresh_policy:fixed_10_updates, refinement_batching_policy:sequential_release_order, batches_per_epoch:40, lambda_kmeans:0.0, lambda_greedy:1.0, next_kmeans_n_init:8, time:278.445
phase:paper_step8_greedy_target_Yprime_refine_checkpoint_11, space:Y_greedy_target, external_metrics = deferred_to_final, loss:0.00125, n_changed_assignment:60," cluster_sizes:[2017, 4451, 1079, 2453]", greedy_eigen_direction:largest, greedy_eigen_index:9, greedy_eigenvalue:43.08768081665039, greedy_target_mode:frozen_snapshot, kmeans_n_init:10, kmeans_refresh_policy:fixed_10_updates, refinement_batching_policy:sequential_release_order, batches_per_epoch:40, lambda_kmeans:0.0, lambda_greedy:1.0, next_kmeans_n_init:8, time:278.445
phase:paper_step9_after_release_update_window_12, space:H_fused_latent_same_labels, external_metrics = deferred_to_final," loss:total:0.00125, L1_reconstruction:0.00085, L2_kmeans:0.00000, L3_trace_logged:0.00000, L4_greedy:0.00040, L4_selected_direction:0.00040, L4_nonselected_snapshot_anchor:0.00001, L4_selected_fraction:0.98447, L4_anchor_fraction:0.01553", n_changed_assignment:60," cluster_sizes:[2017, 4451, 1079, 2453]", greedy_eigen_direction:largest, greedy_eigen_index:9, greedy_eigenvalue:43.08768081665039, greedy_target_mode:frozen_snapshot, kmeans_n_init:10, kmeans_refresh_policy:fixed_10_updates, refinement_batching_policy:sequential_release_order, batches_per_epoch:40, lambda_kmeans:0.0, lambda_greedy:1.0, next_kmeans_n_init:8, refinement_epoch:12, step9_metric_scope:full_dataset_after_release_update_window, step9_loss_scope:release_update_window_mean, step9_loss_batches:10, step9_loss_samples:2320, time:282.317
phase:paper_step4_to_7_common_refine_checkpoint_12, space:H_fused_latent, external_metrics = deferred_to_final, loss:0.0013, n_changed_assignment:32," cluster_sizes:[2023, 2443, 4451, 1083]", greedy_eigen_direction:largest, greedy_eigen_index:9, greedy_eigenvalue:30.70541000366211, greedy_target_mode:frozen_snapshot, kmeans_n_init:8, kmeans_refresh_policy:fixed_10_updates, refinement_batching_policy:sequential_release_order, batches_per_epoch:40, lambda_kmeans:0.0, lambda_greedy:1.0, next_kmeans_n_init:8, time:282.829
phase:paper_step8_greedy_target_Yprime_refine_checkpoint_12, space:Y_greedy_target, external_metrics = deferred_to_final, loss:0.0013, n_changed_assignment:32," cluster_sizes:[2023, 2443, 4451, 1083]", greedy_eigen_direction:largest, greedy_eigen_index:9, greedy_eigenvalue:30.70541000366211, greedy_target_mode:frozen_snapshot, kmeans_n_init:8, kmeans_refresh_policy:fixed_10_updates, refinement_batching_policy:sequential_release_order, batches_per_epoch:40, lambda_kmeans:0.0, lambda_greedy:1.0, next_kmeans_n_init:8, time:282.829
phase:paper_step9_after_release_update_window_13, space:H_fused_latent_same_labels, external_metrics = deferred_to_final," loss:total:0.00115, L1_reconstruction:0.00085, L2_kmeans:0.00000, L3_trace_logged:0.00000, L4_greedy:0.00030, L4_selected_direction:0.00029, L4_nonselected_snapshot_anchor:0.00001, L4_selected_fraction:0.97178, L4_anchor_fraction:0.02822", n_changed_assignment:32," cluster_sizes:[2023, 2443, 4451, 1083]", greedy_eigen_direction:largest, greedy_eigen_index:9, greedy_eigenvalue:30.70541000366211, greedy_target_mode:frozen_snapshot, kmeans_n_init:8, kmeans_refresh_policy:fixed_10_updates, refinement_batching_policy:sequential_release_order, batches_per_epoch:40, lambda_kmeans:0.0, lambda_greedy:1.0, next_kmeans_n_init:8, refinement_epoch:13, step9_metric_scope:full_dataset_after_release_update_window, step9_loss_scope:release_update_window_mean, step9_loss_batches:10, step9_loss_samples:2560, time:286.697
phase:paper_step4_to_7_common_refine_checkpoint_13, space:H_fused_latent, external_metrics = deferred_to_final, loss:0.00122, n_changed_assignment:27," cluster_sizes:[2032, 2442, 4434, 1092]", greedy_eigen_direction:largest, greedy_eigen_index:9, greedy_eigenvalue:26.499130249023438, greedy_target_mode:frozen_snapshot, kmeans_n_init:8, kmeans_refresh_policy:fixed_10_updates, refinement_batching_policy:sequential_release_order, batches_per_epoch:40, lambda_kmeans:0.0, lambda_greedy:1.0, next_kmeans_n_init:6, time:287.202
phase:paper_step8_greedy_target_Yprime_refine_checkpoint_13, space:Y_greedy_target, external_metrics = deferred_to_final, loss:0.00122, n_changed_assignment:27," cluster_sizes:[2032, 2442, 4434, 1092]", greedy_eigen_direction:largest, greedy_eigen_index:9, greedy_eigenvalue:26.499130249023438, greedy_target_mode:frozen_snapshot, kmeans_n_init:8, kmeans_refresh_policy:fixed_10_updates, refinement_batching_policy:sequential_release_order, batches_per_epoch:40, lambda_kmeans:0.0, lambda_greedy:1.0, next_kmeans_n_init:6, time:287.202
phase:paper_step9_after_release_update_window_14, space:H_fused_latent_same_labels, external_metrics = deferred_to_final," loss:total:0.00114, L1_reconstruction:0.00085, L2_kmeans:0.00000, L3_trace_logged:0.00000, L4_greedy:0.00030, L4_selected_direction:0.00029, L4_nonselected_snapshot_anchor:0.00000, L4_selected_fraction:0.98416, L4_anchor_fraction:0.01584", n_changed_assignment:27," cluster_sizes:[2032, 2442, 4434, 1092]", greedy_eigen_direction:largest, greedy_eigen_index:9, greedy_eigenvalue:26.499130249023438, greedy_target_mode:frozen_snapshot, kmeans_n_init:8, kmeans_refresh_policy:fixed_10_updates, refinement_batching_policy:sequential_release_order, batches_per_epoch:40, lambda_kmeans:0.0, lambda_greedy:1.0, next_kmeans_n_init:6, refinement_epoch:14, step9_metric_scope:full_dataset_after_release_update_window, step9_loss_scope:release_update_window_mean, step9_loss_batches:10, step9_loss_samples:2560, time:291.011
phase:paper_step4_to_7_common_refine_checkpoint_14, space:H_fused_latent, external_metrics = deferred_to_final, loss:0.00108, n_changed_assignment:19," cluster_sizes:[2039, 1089, 2440, 4432]", greedy_eigen_direction:largest, greedy_eigen_index:9, greedy_eigenvalue:24.526187896728516, greedy_target_mode:frozen_snapshot, kmeans_n_init:6, kmeans_refresh_policy:fixed_10_updates, refinement_batching_policy:sequential_release_order, batches_per_epoch:40, lambda_kmeans:0.0, lambda_greedy:1.0, next_kmeans_n_init:8, time:291.508
phase:paper_step8_greedy_target_Yprime_refine_checkpoint_14, space:Y_greedy_target, external_metrics = deferred_to_final, loss:0.00108, n_changed_assignment:19," cluster_sizes:[2039, 1089, 2440, 4432]", greedy_eigen_direction:largest, greedy_eigen_index:9, greedy_eigenvalue:24.526187896728516, greedy_target_mode:frozen_snapshot, kmeans_n_init:6, kmeans_refresh_policy:fixed_10_updates, refinement_batching_policy:sequential_release_order, batches_per_epoch:40, lambda_kmeans:0.0, lambda_greedy:1.0, next_kmeans_n_init:8, time:291.509
phase:paper_step9_after_release_update_window_15, space:H_fused_latent_same_labels, external_metrics = deferred_to_final," loss:total:0.00113, L1_reconstruction:0.00084, L2_kmeans:0.00000, L3_trace_logged:0.00000, L4_greedy:0.00028, L4_selected_direction:0.00028, L4_nonselected_snapshot_anchor:0.00000, L4_selected_fraction:0.98884, L4_anchor_fraction:0.01116", n_changed_assignment:19," cluster_sizes:[2039, 1089, 2440, 4432]", greedy_eigen_direction:largest, greedy_eigen_index:9, greedy_eigenvalue:24.526187896728516, greedy_target_mode:frozen_snapshot, kmeans_n_init:6, kmeans_refresh_policy:fixed_10_updates, refinement_batching_policy:sequential_release_order, batches_per_epoch:40, lambda_kmeans:0.0, lambda_greedy:1.0, next_kmeans_n_init:8, refinement_epoch:15, step9_metric_scope:full_dataset_after_release_update_window, step9_loss_scope:release_update_window_mean, step9_loss_batches:10, step9_loss_samples:2560, time:295.314
phase:paper_step4_to_7_common_refine_checkpoint_15, space:H_fused_latent, external_metrics = deferred_to_final, loss:0.00107, n_changed_assignment:10," cluster_sizes:[2043, 4429, 2437, 1091]", greedy_eigen_direction:largest, greedy_eigen_index:9, greedy_eigenvalue:16.67165756225586, greedy_target_mode:frozen_snapshot, kmeans_n_init:8, kmeans_refresh_policy:fixed_10_updates, refinement_batching_policy:sequential_release_order, batches_per_epoch:40, lambda_kmeans:0.0, lambda_greedy:1.0, next_kmeans_n_init:6, time:295.827
phase:paper_step8_greedy_target_Yprime_refine_checkpoint_15, space:Y_greedy_target, external_metrics = deferred_to_final, loss:0.00107, n_changed_assignment:10," cluster_sizes:[2043, 4429, 2437, 1091]", greedy_eigen_direction:largest, greedy_eigen_index:9, greedy_eigenvalue:16.67165756225586, greedy_target_mode:frozen_snapshot, kmeans_n_init:8, kmeans_refresh_policy:fixed_10_updates, refinement_batching_policy:sequential_release_order, batches_per_epoch:40, lambda_kmeans:0.0, lambda_greedy:1.0, next_kmeans_n_init:6, time:295.827
phase:training_stop, stop_reason:converged_assignment, training_steps_completed:150, max_training_steps:14000, time:295.977
phase:final_recomputed_state, space:H_fused_latent," acc, nmi = (0.7621, 0.6002029735440259)", loss:0.00113, n_changed_assignment:0," cluster_sizes:[2043, 4429, 2437, 1091]", protocol_id:mvdec_2025_view2_direct_23_split_v1, greedy_eigen_direction:largest, greedy_eigen_index:9, greedy_target_mode:frozen_snapshot, lambda_kmeans:0.0, lambda_greedy:1.0, kmeans_refresh_policy:fixed_10_updates, batches_per_epoch:40, stop_reason:converged_assignment, refinement_epochs_completed:3, training_steps_completed:150, max_training_steps:14000, loss_scope:last_completed_release_update_window_mean, time:299.265
run 1/1, seed:42, run_id:reuters_mvdec_2025_view2_direct_23_split_v1_ea0b9d5986c9_seed_42, protocol_id:mvdec_2025_view2_direct_23_split_v1, greedy_eigen_direction:largest, greedy_target_mode:frozen_snapshot, acc:0.7621, nmi:0.6002029735440259, time:299.364, view1_acc:0.7621, view1_nmi:0.5999673516167537, view2_acc:0.3701, view2_nmi:0.09427686810429378
